College_Branch_target_enc,hist_mean,hist_count
2689.6797326332176,3036.75,44
2721.675773908329,2840.6785714285716,56
2746.4495904924684,3393.0280373831774,107
2805.3235230594,2536.898305084746,59
2808.3853804595246,2446.195652173913,46
3030.184173992592,1818.6825396825398,63
3617.207229557492,4756.6,35
3776.6226141728766,4164.4857142857145,35
3818.6737866854087,4019.787878787879,33
3858.896605105903,4801.443037974684,79
4229.047806644246,5331.047619047619,42
4271.633879421447,2074.8064516129034,31
4285.41436920351,1939.5666666666666,30
4431.161309355782,7542.204545454545,88
4549.584786396138,3888.1463414634145,41
4559.7139551784285,3933.3617021276596,47
4571.938211410469,3927.18,50
4606.9941427761,3768.125,48
5032.065814284027,6011.22,50
5208.808447084743,8284.01724137931,116
5244.5089807521945,5082.393442622951,61
5245.437557133511,13061.5,12
5323.138124296759,4725.603773584906,53
5356.650602769284,4446.6,45
5383.152094487971,4662.358208955224,67
6031.190189726067,7244.702127659574,47
6253.116497441533,11329.297619047618,84
6320.086859549268,7808.571428571428,49
6338.605480011894,5890.224489795918,49
6371.725195306245,5796.584905660377,53
6377.865372350617,5805.357142857143,56
6460.009416711038,5417.431372549019,51
6506.393949824976,8123.6,10
6650.112849965945,8238.57142857143,7
6687.08616131067,6460.111111111111,36
6715.884996419863,7279.111111111111,9
6735.682999124855,6274.4390243902435,41
6811.527166839132,12112.272727272728,55
6885.55712553146,5778.468085106383,47
6973.246780703873,5453.829787234043,47
7015.112072499508,5149.309090909091,55
7324.403329582713,5834.181818181818,11
7357.347438197068,4464.5,10
7442.218044938389,4656.666666666667,12
7482.358167497633,436.0,1
7527.487552054977,4133.0,8
7537.950948630332,4037.909090909091,11
7733.895067035386,8112.426966292135,89
7757.403081450735,8065.3875,80
7802.6883273523745,7892.7375,80
7811.994300228354,8403.384615384615,39
7821.862269147135,3071.0,9
7854.832022210832,8113.0192307692305,52
7892.693984247397,1907.5,2
7914.50195485544,9066.932692307691,104
7950.055713796503,7163.825396825397,63
8009.402982555104,7524.113636363636,44
8048.875207164454,6832.513888888889,72
8085.050794559511,7301.918367346939,49
8118.393984247396,779.0,2
8150.188864013373,6824.45,40
8200.028389899275,10286.235294117647,51
8246.26078740135,9455.75925925926,54
8498.307771765278,8509.978260869566,46
8500.396653083557,12530.601851851852,108
8513.93502409191,8451.80357142857,56
8552.435733850587,8261.695652173914,46
8559.461947377413,1738.5833333333333,12
8606.020845727375,9024.027777777777,36
8672.90195485544,9616.77108433735,83
8770.10442694155,1270.3333333333333,3
8771.215538052662,1267.0,3
8781.17902088301,8186.975609756098,41
8824.720334315496,8082.130434782609,46
8988.817437647656,6664.2962962962965,54
9016.321070490916,9904.816326530612,49
9043.734940718092,10563.545454545454,22
9072.7774435693,9918.324324324325,37
9172.739773121322,12461.181818181818,44
9216.949031532138,12905.894736842105,76
9249.062872657896,9087.0,43
9276.10442694155,5469.0,1
9292.731084814135,6503.5,50
9314.172068060196,8823.53488372093,43
9350.485686628204,10051.054545454546,55
9360.752233440871,9314.125,24
9440.117480309244,747.0,2
9453.72180386127,824.0,1
9510.326649163771,3361.0,1
9595.931908342403,8258.25,20
9659.413101637632,8128.818181818182,22
9766.931908342403,7497.3,20
9779.121039551872,7006.590909090909,44
9827.452216481784,14672.878048780487,82
9855.052041060077,9651.733333333334,30
9910.677815186633,9519.340425531915,47
9947.617480309244,3950.0,2
9950.085440224906,1223.0,1
10122.52110332806,8998.206896551725,58
10283.242480309244,2607.5,2
10290.593984247396,954.5,2
10399.867480309244,5404.0,4
10424.832999124854,7204.804878048781,41
10563.867480309244,1485.0,2
10571.367480309244,2191.5,2
10632.562834639137,862.3333333333334,3
10663.367480309244,1823.5,2
10692.415413384871,14229.2,5
10732.77455414908,12918.304347826086,46
10765.88220471933,4593.666666666667,3
10839.28875902871,13710.655172413793,29
10937.99331583044,4077.3333333333335,3
10979.583020012886,11913.822222222223,45
10998.339996157902,13050.75,8
11007.51839487954,11715.92,50
11026.074336650452,16805.274509803923,51
11077.214590337133,10907.8125,16
11156.9702103058,11618.949367088608,79
11218.332832020616,13303.09375,32
11243.762936543351,11536.666666666666,15
11253.990802868188,14134.298245614034,57
11321.544087328952,9581.555555555555,9
11394.419598949826,17333.833333333332,60
11413.897164113969,11286.869565217392,23
11439.26904210847,13427.529411764706,34
11467.39363556805,9580.97435897436,39
11484.064030987693,12424.107142857143,28
11513.411754522702,10574.0,19
11525.427139106523,9119.454545454546,11
11536.161878995505,12061.942857142858,35
11536.203178238044,9549.0,5
11634.758102090293,10574.441176470587,34
11657.229867384696,19758.964285714286,56
11664.11252036934,12667.029411764706,34
11664.30351873979,13083.916666666666,24
11708.742480309244,2786.25,4
11728.708250414682,12259.431034482759,58
11838.252454955424,13084.494949494949,99
11873.479180365344,13367.42857142857,42
11928.944419019195,8661.839285714286,56
11935.38730248581,13351.371428571429,35
11941.42713910652,7531.090909090909,11
11949.00854556156,11372.666666666666,54
11950.542833405309,10167.2,25
12065.831045595778,12596.926829268292,41
12069.617480309244,3529.25,4
12141.178677759188,9595.40909090909,44
12168.060750434151,13936.444444444445,72
12177.144874206682,7009.375,8
12178.295671418216,8728.416666666666,12
12200.848548924852,691.6666666666666,3
12201.10650408968,14444.762711864407,59
12223.760627940088,12004.055555555555,54
12233.656640412328,903.25,4
12251.34471546932,10019.057692307691,52
12257.378107398532,10261.203389830509,59
12260.838473241303,10492.677419354839,31
12311.562834639137,924.3333333333334,3
12352.492480309244,5318.0,1
12403.448323472834,13435.958333333334,48
12421.69557531094,13961.6875,48
12532.145847032012,12847.854838709678,62
12555.726775557636,8150.193548387097,31
12589.926386609812,12735.42857142857,42
12599.045150719568,12712.942857142858,35
12616.15424825096,14082.0,84
12632.442395012886,13453.30612244898,49
12665.992480309244,2810.0,1
12700.637508839523,17032.93269230769,104
12789.867480309244,11916.0,2
12799.339999346366,17928.582417582416,91
12831.778969429955,13783.96,25
12860.277120353425,7058.0,2
12869.539837439306,7049.16,25
12889.664539689047,12500.94642857143,56
12896.406732876754,12339.42857142857,42
12907.38351873979,13230.5,36
12917.913400215604,12268.454545454546,44
12927.773983778,13225.964285714286,28
12951.32260334622,12203.816326530612,49
12979.63316672344,20296.637931034482,58
13008.013485515936,11274.936170212766,47
13008.89594265318,11467.603773584906,53
13079.44473897384,8226.325,40
13122.249710781123,11162.122807017544,57
13168.007640995724,12369.894736842105,38
13248.164573630182,9975.755555555555,45
13334.98997374566,5717.0,1
13410.393984247396,19989.5,2
13447.293984247395,14674.5,2
13520.319842519328,10882.424242424242,33
13631.98997374566,3935.0,1
13985.238435565738,16346.2,60
14035.13469921237,15402.242424242424,33
14037.245572909696,14929.7,50
14045.492480309244,12633.0,2
14073.656640412328,1285.0,1
14079.367480309244,6758.0,2
14090.845823310296,14720.921568627451,51
14105.659982497107,10679.0,1
14122.7235230594,16429.509433962263,53
14138.98997374566,893.0,1
14148.60793733234,14627.461538461539,39
14228.759398465554,17570.566265060243,83
14316.53112904801,14961.46875,64
14377.77891601031,14738.380952380952,63
14452.755577037868,12911.10576923077,104
14550.863785643078,14720.315789473685,57
14554.44907658854,3723.0,1
14562.117480309244,4827.0,2
14587.589124876327,24458.25,8
14599.721803861268,3225.0,1
14614.13282194546,13725.09090909091,55
14806.975904011782,13718.32075471698,53
14830.07311854346,13412.888888888889,45
14865.134263210566,11092.0,1
14879.39684135155,13458.185185185184,54
14943.326649163771,6255.0,1
14945.10442694155,3124.0,1
14977.323307078994,8515.0,1
15031.437760274885,9513.0,3
15136.617480309244,8268.5,2
15164.117480309244,9716.0,2
15189.403044619236,11469.333333333334,60
15202.976665761344,11355.64406779661,59
15284.659982497104,16237.666666666666,3
15307.617480309244,9142.0,2
15352.93860732586,22675.117647058825,34
15386.003836091732,18187.890625,64
15392.76670365042,18109.64864864865,37
15469.213773706126,18423.23076923077,52
15526.742480309244,8265.5,2
15712.272906060896,16504.219512195123,41
15786.94486212735,16813.425925925927,54
15791.882204719328,28679.0,1
15826.242480309244,11868.25,4
15887.868331458025,21202.263157894737,19
15907.156640412328,2936.0,1
15914.08104559578,15657.609756097561,41
15914.44848703646,17755.03846153846,52
15950.933369295435,18833.78947368421,38
15983.406626991127,18162.91489361702,47
16012.76781352632,18593.464285714286,28
16037.41997749628,2886.0,1
16041.134263210566,2860.0,1
16054.853291722404,15228.326530612245,49
16066.661392251115,17077.23214285714,56
16194.705691781995,15117.0,1
16227.867480309244,5461.0,2
16230.187968494793,2288.0,2
16255.53199649942,15428.0,56
16259.944320066865,16235.125,8
16286.863579153596,15626.223300970874,103
16319.656640412328,3555.0,1
16323.371743270198,20167.444444444445,45
16361.198496061848,15410.2,5
16368.04335651441,16574.35714285714,42
16402.71588540762,16467.42105263158,38
16416.45217789092,24470.819444444445,72
16451.154976449652,23300.74074074074,81
16457.98997374566,2725.0,1
16464.108613081557,15635.89090909091,55
16526.291215670095,17465.75,12
16526.712853392237,17549.545454545456,11
16536.511454659503,15078.34090909091,44
16544.134263210566,12671.0,1
16545.810404341042,15798.870967741936,31
16549.28679350466,18364.191176470587,68
16566.876964923453,15399.333333333334,12
16584.174409792464,14197.75,80
16592.904969482097,13067.795454545454,44
16617.56283463914,3276.0,3
16659.823307078994,7594.5,2
16667.220662113115,15422.0,38
16682.890266012808,14279.0,8
16693.88913385805,14559.081632653062,49
16717.63089477036,27274.0,1
16734.435418114383,15183.475,40
16738.99886495234,16320.017857142857,56
16767.593984247396,24147.0,1
16769.617480309244,7416.25,4
16823.66523434462,16415.727272727272,11
16835.44013875856,18633.605263157893,38
16835.654045743737,17012.052631578947,19
16853.587968494794,7055.5,2
16868.19359070363,7433.803571428572,56
16872.904142798703,12043.051724137931,58
16891.323307078994,6900.0,2
16900.566700218937,20814.923076923078,39
16919.50552848514,17847.63829787234,47
16919.90999536688,14202.0,11
16939.393984247396,2344.5,2
16994.822887517956,19924.826530612245,98
17014.936379377712,16915.446428571428,56
17065.242480309244,21102.5,2
17119.742818493254,16083.36,25
17120.529676693426,15114.6,75
17154.199570303386,13768.128205128205,39
17171.834621898466,16417.492307692308,65
17200.830562270945,17257.102564102563,39
17212.95546874295,21236.746666666666,75
17214.31712974989,15920.702127659575,47
17218.400590052635,15670.125,40
17254.165950505645,15161.78947368421,19
17268.517925868746,14013.927272727273,55
17277.216083532043,13202.142857142857,7
17287.28177292318,15716.76,25
17297.298010179416,16231.777777777777,36
17302.805966471566,15639.76,25
17314.8462656165,16719.935483870966,31
17332.587968494794,7405.0,2
17391.659982497105,6376.0,1
17404.056134573566,30542.04761904762,21
17486.688343327645,15835.166666666666,30
17555.759398465554,20808.654761904763,84
17575.56283463914,5451.0,1
17581.280142751613,15993.97619047619,42
17589.718511094827,14578.07142857143,28
17593.05372887824,17412.020833333332,48
17624.60310254295,15080.790697674418,43
17633.991406067707,16840.0,1
17656.993315830437,16455.0,2
17673.848548924852,4763.0,1
17708.973496061848,19366.076923076922,13
17723.912440944616,14814.266666666666,45
17729.030617744713,16693.846153846152,39
17729.326649163773,16129.5,2
17736.736662916046,12929.454545454546,11
17752.093984247396,16823.5,2
17790.43445566562,16674.530612244896,49
17812.326649163773,23611.0,1
17833.987968494792,11887.0,1
17846.705691781994,4234.333333333333,3
17853.187968494793,11636.0,1
17867.668550637754,22671.55,20
17898.20409448764,12593.65,20
17904.32654058387,21795.484848484848,33
17940.21553805266,4207.0,3
17985.61008710154,14004.666666666666,36
18038.242480309244,15250.5,4
18046.348496061844,18328.0,13
18082.1879684948,5531.0,2
18096.54511274133,15885.964912280702,57
18125.987968494792,10427.0,1
18177.13426321057,11887.0,3
18258.53998567945,4464.0,1
18274.704820022085,21008.821428571428,28
18312.987968494792,3143.25,4
18336.083826435617,16387.0,6
18339.10442694155,13675.0,1
18380.437760274883,17132.666666666668,3
18449.95721116651,27843.59259259259,54
18450.323307079,17015.0,4
18523.992480309244,9520.75,4
18566.83951379842,20395.589743589742,39
18585.6715187398,18025.85,40
18633.788128800603,19530.382352941175,34
18635.13426321057,13453.333333333334,3
18648.29184494211,17713.285714285714,35
18660.2939842474,9352.5,2
18666.882204719328,27544.0,3
18697.68206224186,17649.615384615383,39
18702.206665247515,25394.55172413793,29
18722.085427821305,19673.114285714284,35
18727.21553805266,2261.0,1
18747.723446465217,25341.64285714286,14
18760.46616535395,19046.837837837837,37
18781.848496061848,16064.923076923076,13
18789.81271295217,4480.0,1
18821.52814173196,23309.365384615383,52
18827.955030843783,22333.392156862745,51
18830.34562077013,18943.05,60
18831.10442694155,9282.0,1
18837.17260527117,13372.57142857143,7
18857.946693234582,18399.383838383837,99
18863.905468739096,18605.956521739132,23
18897.882204719328,21730.0,1
18899.03435565581,18664.93023255814,43
18904.34029512944,16405.233333333334,30
18906.77449868729,18572.324324324323,37
18948.367480309244,16167.5,2
18976.5879684948,1748.0,2
18990.548871386,15302.333333333334,3
18998.10560486723,17929.56,25
19017.53998567945,7629.0,1
19071.987952755386,23552.619047619046,21
19074.21553805266,7094.0,1
19099.492480309244,9005.0,2
19107.13426321056,6528.0,1
19166.721803861263,5988.0,1
19186.492480309244,12954.0,4
19205.238357033388,16629.869565217392,23
19221.018155956102,22812.3125,48
19248.386748030924,22746.4,25
19289.99331583044,5117.0,1
19334.367480309244,6083.0,1
19355.13426321056,4792.0,1
19385.78796849479,3973.0,1
19480.635816749764,16404.8,30
19483.1879684948,3486.0,1
19487.1879684948,3621.0,1
19514.617480309244,7539.5,4
19570.867480309244,14642.5,2
19577.15664041233,16883.0,3
19578.59495163083,20989.945454545454,55
19588.73276040452,21587.714285714286,35
19596.117480309244,13576.5,2
19605.987968494792,3027.0,1
19620.69067327233,16831.55223880597,67
19622.26725840672,24508.0,1
19656.5879684948,2774.0,1
19672.30586456632,19631.23076923077,26
19733.095660752697,21394.727272727272,22
19740.882204719328,7077.5,2
19746.16999807895,19297.315789473683,19
19759.659982497105,6085.0,1
19773.49965819588,21220.45945945946,37
19776.63089477036,22810.0,1
19804.98997374566,10724.0,2
19821.48997374566,10674.5,2
19828.867480309244,6087.5,2
19838.594661872907,22491.513513513513,74
19844.44473897384,23219.97435897436,39
19871.516754122546,24543.625,104
19888.3879684948,34208.0,1
19909.242480309244,13289.0,2
19919.617301600832,20004.7,20
19935.228805894258,24891.037037037036,54
19936.282770135385,20337.659574468085,47
19942.039864714592,23737.65625,32
19955.8939842474,15914.0,2
19971.492480309244,26935.5,2
19973.04295515195,13524.56,25
19981.73496061849,3190.0,1
20018.367480309244,7965.0,1
20024.849482828515,23038.4776119403,67
20026.99331583044,12193.0,3
20044.02869489117,19255.827586206895,58
20054.40948515992,18330.043478260868,23
20062.492480309244,7612.0,1
20081.2470461188,26693.48214285714,56
20088.47814173196,26236.865384615383,52
20142.41680884953,19641.58,50
20166.144837862765,20763.978723404256,47
20170.08841722301,21165.608695652172,69
20174.60168484908,19729.045454545456,22
20182.1691516524,24212.613636363636,44
20188.326649163773,6813.0,1
20210.33657669772,20597.32608695652,46
20231.97264779716,18656.35714285714,28
20251.4939842474,4326.5,2
20270.10442694155,16318.666666666666,3
20272.88364553853,20334.96153846154,52
20274.705691782,16629.333333333332,3
20286.737939238086,23233.608108108107,74
20303.30603532646,17642.279069767443,43
20336.226624800453,19009.76,50
20383.98795229517,20805.024390243903,41
20384.48496061849,1579.0,1
20447.242480309244,11137.0,2
20447.38199907338,22775.37254901961,51
20448.705691782,8808.5,2
20459.58507240231,17862.283333333333,60
20465.414810577706,20967.743243243243,74
20482.13426321056,13558.6,5
20490.988022339967,20355.45,40
20499.905936679555,19288.48780487805,41
20524.992480309244,7263.5,2
20525.120171055813,17978.041666666668,24
20527.726852045274,20934.315789473683,38
20539.8445980881,19257.804347826088,46
20543.475048985063,19628.073170731706,82
20565.882204719328,6718.0,1
20605.332924098464,20646.617647058825,34
20613.08806542804,34548.643835616436,73
20613.492480309244,13451.5,2
20629.99948140064,26740.08823529412,34
20642.7571798114,19226.675,80
20692.13426321056,11294.0,3
20718.9939842474,12098.5,2
20724.69261386429,18891.379746835442,79
20756.0956607527,14615.5,18
20810.524248030924,29075.058823529413,17
20834.26599824971,15563.133333333333,15
20841.597677164948,17076.0,28
20842.13652548671,22345.574468085106,47
20862.0939842474,21006.5,2
20895.89340991146,16619.0,20
20908.43374015462,41618.2,5
20918.40556272537,23043.25,24
20921.55293228316,19120.516129032258,31
20946.26127815392,18397.775,40
20952.914921865187,22641.0,27
20955.79135334622,21927.466666666667,45
20957.882204719328,22451.5,2
20960.617480309244,32544.5,2
20981.58347728245,18835.941176470587,51
20984.610587522504,28842.594594594593,74
20989.25888791651,27318.941176470587,34
21065.41997749628,12798.0,3
21094.576223686094,21358.80487804878,41
21119.09350292713,14845.782608695652,23
21140.286666002,24419.95238095238,84
21142.41997749628,18471.2,5
21175.742480309244,21372.666666666668,3
21182.24043680638,24931.130434782608,46
21222.437760274883,25299.0,1
21239.784018835657,23598.08510638298,47
21243.222546767352,31901.98214285714,56
21245.99331583044,22429.0,1
21258.004920641222,23029.116666666665,60
21322.84503936971,20955.176470588234,34
21329.98997374566,15132.0,4
21338.377339587627,18969.21212121212,33
21442.7939842474,18103.0,2
21464.345145900545,18040.4,45
21464.5879684948,7052.333333333333,3
21490.62129644581,19893.903846153848,52
21494.56283463913,21946.333333333332,3
21569.992480309244,31801.0,1
21584.23496061849,14378.0,1
21588.48496061849,15235.0,1
21590.76709210741,18856.877551020407,49
21594.04806366921,19485.392156862745,51
21598.992480309244,6343.666666666667,3
21607.814268777944,18404.837209302324,43
21681.37824638436,22521.31325301205,83
21683.009947910123,21675.696428571428,56
21709.80783202062,19729.972972972973,37
21757.32471416645,19383.382352941175,34
21763.106482229025,23227.083333333332,12
21766.928833545902,26038.7,10
21787.742480309244,14271.25,4
21805.96222027745,24552.1875,16
21819.992480309244,8625.5,2
21833.71285339224,23849.14285714286,7
21841.493251114145,13849.846153846154,26
21854.82330707899,17424.0,2
21919.999472302407,22315.63888888889,36
21947.9939842474,14044.0,1
21952.7939842474,10412.5,2
21965.27712035342,8335.0,3
21980.41997749628,22967.0,2
21999.999710781125,20140.13953488372,43
22006.367480309244,20372.75,4
22014.95293228316,37695.73333333333,45
22027.056390940583,25925.037735849055,53
22051.41999899665,22231.5641025641,39
22084.25775103904,10372.05,20
22087.264999196294,16387.90625,96
22103.98496061849,6243.0,2
22104.085440224902,7489.0,1
22121.63142535661,29075.2,55
22124.584370723904,20918.6213592233,103
22140.572095503823,21415.846153846152,26
22140.7939842474,18067.0,2
22155.64366409673,26970.690476190477,42
22164.322360964365,26387.72,25
22166.189043868428,21854.285714285714,7
22217.657314379023,21673.893617021276,47
22219.21553805266,16328.0,1
22248.44993273162,21540.09375,32
22253.99331583044,13357.0,1
22262.98496061849,12537.0,1
22264.619652456448,30205.2,15
22271.5879684948,10308.6,5
22284.21553805266,32216.0,1
22293.86144633207,21294.58064516129,31
22324.53891466145,26269.333333333332,12
22343.10442694155,18818.0,3
22371.489386683497,21116.38888888889,36
22386.79458887274,20394.785714285714,28
22405.055424070684,21413.071428571428,14
22415.6663760506,18226.886363636364,44
22420.07538057625,26685.7,10
22463.705691782,8731.0,1
22464.2274435693,23936.044776119405,67
22490.803040053783,23112.571428571428,7
22528.646553298106,24050.090909090908,33
22572.923393254227,17801.64814814815,54
22591.15664041233,10855.0,3
22643.56283463913,8472.333333333334,3
22649.992480309244,18597.0,1
22700.721803861263,7834.0,1
22725.861446332063,19881.204545454544,44
22753.193984247395,5992.0,1
22768.735259012472,22076.866666666665,15
22776.98997374565,12961.5,4
22779.163971523794,19541.64864864865,37
22779.648120257418,18402.0,31
22807.54495737582,23059.645161290322,31
22839.449076588546,6308.0,1
22858.9601305426,26035.58823529412,51
22863.4653434918,33147.83,100
22865.6355823698,19923.2,20
22876.872595814773,23534.28846153846,52
22908.548871386,7466.0,1
22981.9939842474,5266.5,2
22994.896255381645,22257.090909090908,44
22996.81315980556,23152.8,40
23008.861772623022,29595.88,50
23012.13426321056,4892.0,1
23023.592016491304,41826.88,75
23068.10442694155,20122.5,2
23085.79317335297,21759.69230769231,26
23093.81633118984,25673.883333333335,60
23101.22138670103,19833.2,25
23185.61226914713,19577.555555555555,9
23255.23496061849,13547.4,5
23257.390189726066,20627.675675675677,37
23261.99331583044,25037.333333333332,3
23276.548871386,6812.0,1
23277.703518739792,15701.2,25
23306.565080676017,30923.77142857143,35
23313.77109360821,19017.0,2
23332.705691782,18234.0,2
23369.77109360821,18765.0,2
23426.91063091739,17132.88888888889,18
23435.556978346216,21094.39024390244,41
23445.584890141807,24331.3,60
23481.242480309244,39181.0,1
23519.693984247395,53999.0,1
23554.06403098769,30663.619047619046,21
23558.3879684948,16061.666666666666,3
23575.5879684948,28150.0,1
23603.73024006034,14525.875,8
23629.470380077764,28878.82,100
23710.885840804327,19059.48888888889,45
23782.06999624937,17956.18181818182,11
23809.0507678844,27820.75,28
23838.388383591588,22832.1,60
23843.4939842474,9423.0,1
23863.48496061849,5261.0,1
23896.245751266768,25333.935483870966,31
23919.867480309244,8438.0,1
23941.11788963069,22209.076923076922,52
23959.40306728678,20134.070175438595,57
24010.428926362547,22044.410714285714,56
24028.56283463913,18080.5,2
24039.982311228174,27120.71111111111,45
24068.083726143625,23172.071428571428,14
24166.1029296765,18647.055555555555,36
24208.332987600425,26524.977272727272,44
24213.82780103595,18559.125,8
24223.99841690721,20066.18181818182,11
24266.313253505767,26088.61224489796,49
24284.47469921237,24409.396226415094,53
24300.26047243985,17232.714285714286,7
24310.64403099792,33298.14,100
24319.117480309244,17768.333333333332,3
24328.73496061849,3075.0,1
24392.367480309244,30932.5,2
24393.87163349953,22375.722222222223,18
24411.867480309244,9066.0,1
24444.52290606089,26374.490566037737,53
24444.731769581213,23673.727272727272,44
24521.657856339152,27989.291666666668,48
24531.3879684948,32538.0,1
24543.437760274883,34152.5,2
24555.313280824656,13362.0,2
24555.879827713456,24700.071428571428,28
24581.16284127618,31323.844444444443,45
24583.723723051546,25598.80769230769,52
24587.63558893576,27655.95918367347,49
24610.97863074986,26463.428571428572,35
24675.912568084743,25953.650602409638,83
24696.646614157988,4513.5,2
24739.5823307079,20003.923076923078,13
24747.90065315531,19567.0,12
24754.03889639744,26065.666666666668,30
24779.98496061849,1270.0,1
24797.242480309244,11715.333333333334,3
24852.41997749628,26762.333333333332,3
24883.10442694155,8826.0,1
24899.03541978884,34759.933333333334,15
24899.137510411,28072.85714285714,84
24922.74161205631,24786.5641025641,39
24930.09966579152,24775.28888888889,45
24956.604819705,22138.879310344826,58
24991.646614157988,31108.0,1
25001.83709267072,37254.57142857143,35
25004.66840663996,41758.362068965514,58
25080.8996461322,23241.583333333332,48
25089.86378564308,20895.340425531915,47
25128.9093429711,24571.6,35
25203.30272647714,25206.021739130436,46
25203.81532722325,34923.65060240964,83
25206.085440224902,7203.0,1
25217.70119324614,27705.083333333332,48
25221.97716300354,27586.736842105263,19
25246.203178238044,39215.333333333336,9
25256.992480309244,23047.0,1
25348.06141453517,21884.65625,32
25348.987968494792,19283.0,1
25353.10442694155,36882.0,1
25354.55048044104,27889.4375,48
25358.88531446169,30771.947368421053,19
25362.242480309244,22205.0,1
25394.66523434462,36108.63636363636,11
25413.523236594992,25739.020833333332,48
25431.617480309244,20254.25,4
25515.64012968937,27827.618181818183,55
25527.023148365937,25460.03846153846,26
25527.3328775945,22245.0,25
25536.84854892485,10519.5,2
25561.367480309244,23720.0,2
25569.376556085856,25304.16129032258,31
25574.313280824656,9796.0,1
25576.1879684948,5769.0,1
25593.582566002533,27340.071428571428,42
25655.48616131067,27000.409090909092,44
25697.196545552106,25683.61176470588,85
25718.73496061849,24263.0,5
25747.35723449166,33634.63636363636,33
25749.659982497105,22507.0,1
25755.5879684948,4872.0,1
25758.4758721824,25504.166666666668,60
25796.941455545988,25219.3488372093,43
25850.326649163773,17272.333333333332,3
25866.77999908944,21679.865384615383,52
25869.686870987043,25074.314814814814,54
25913.89930062216,29632.093333333334,75
25926.46077690264,25867.755102040817,49
25931.178630749862,22644.574074074073,54
25940.053154237827,17050.290322580644,31
25959.867480309244,17424.0,1
26003.23496061849,22918.0,1
26011.277473951886,21728.217391304348,46
26041.13426321056,38244.0,4
26045.1879684948,33616.5,2
26056.578906243027,25223.846153846152,52
26057.572523507155,23970.74418604651,43
26138.20190922738,26965.4358974359,39
26145.96517150847,26857.06976744186,43
26150.393941956994,25147.48148148148,54
26156.646614157988,35964.0,1
26171.326649163773,29518.0,1
26194.1603562052,26604.755102040817,49
26202.6555187398,22448.60714285714,28
26208.59060903008,32606.823529411766,17
26219.535816749765,19442.6,35
26226.385546804107,23517.0,3
26228.41997749628,10900.666666666666,3
26230.367480309244,14347.0,1
26245.27712035342,20693.0,2
26246.63545215869,42444.94117647059,17
26271.617480309244,20879.0,2
26286.875298813244,27291.0625,80
26363.98496061849,20913.0,1
26384.181988079967,25797.63888888889,36
26406.77109360821,4324.333333333333,3
26408.35652900484,35969.96153846154,52
26414.48496061849,23902.5,2
26435.0663020756,31719.0,47
26447.13266491638,34110.32352941176,34
26452.742480309244,21316.0,2
26475.8939842474,22197.0,2
26476.646614157988,14885.0,1
26479.50494653933,23158.384615384617,39
26537.242480309244,19816.5,2
26541.60375554555,22402.57894736842,38
26551.617480309244,24185.0,4
26585.348728908524,18579.967741935485,31
26605.97994749132,35419.0,1
26637.617480309244,25979.5,2
26695.815098826,31202.470588235294,17
26697.774435693,20688.666666666668,3
26729.7637385567,31581.96,25
26760.48496061849,19889.0,1
26776.616868195422,30242.39393939394,33
26830.78796849479,19309.0,1
26834.374641919487,24409.73469387755,49
26850.286218551668,34586.35135135135,37
26855.0939842474,20301.0,2
26856.98674803093,24414.444444444445,18
26874.659370903,31003.19230769231,52
26905.78796849479,31798.0,1
26917.98796849479,11438.0,1
26986.10442694155,11379.0,1
26998.646614157988,1663.0,1
27014.6041955861,23519.764705882353,17
27023.27712035342,18934.0,2
27037.78796849479,30995.666666666668,3
27055.326649163773,13506.0,1
27068.07032523084,21558.21568627451,51
27075.19876702594,33946.13333333333,45
27077.10442694155,37326.0,1
27113.705691782,43553.0,1
27130.58796849479,10375.0,1
27149.21380827361,28535.566666666666,30
27171.657367039246,28815.91176470588,34
27180.62760200392,28228.914285714287,35
27242.313280824656,16407.0,1
27273.933366543235,29777.340425531915,47
27307.163324581885,17032.333333333332,3
27328.646614157988,13531.0,1
27331.88973739515,29323.75,52
27368.773451443296,28514.204545454544,44
27415.820127195344,29272.95588235294,68
27474.56283463913,13537.0,1
27512.35293453967,31368.021739130436,46
27549.39148542212,51105.92452830189,53
27606.504433219216,46238.09333333333,75
27636.97994749132,32708.0,2
27644.65664041233,39176.0,3
27713.38796849479,7461.0,1
27740.65664041233,11799.75,4
27741.73496061849,41003.0,1
27758.13143968096,33112.5,100
27766.15664041233,31864.5,2
27806.617480309244,29849.0,2
27811.882204719328,31844.0,1
27823.190393700486,29702.396226415094,53
27823.985216630303,30222.0,49
27836.882204719328,34504.0,1
27863.106539889774,29831.14285714286,42
27866.367480309244,53150.0,1
27895.21553805266,19365.333333333332,3
27901.15664041233,20300.0,1
27906.999540782246,24842.04,25
27967.37679909985,25899.675675675677,37
27984.333029507445,29224.775510204083,49
28001.95032657766,27096.233333333334,30
28025.659982497105,12829.0,1
28041.815118109964,25944.409090909092,44
28130.548871386,18010.5,2
28151.222716917226,30496.04761904762,21
28159.882204719328,28712.0,1
28182.38796849479,23397.5,2
28203.58796849479,21613.666666666668,3
28204.97532131028,24162.208333333332,24
28230.41271191285,28248.011904761905,84
28256.58796849479,12180.0,1
28265.742480309244,14064.0,2
28282.980233759663,30083.69811320755,106
28289.49969617411,25420.11111111111,45
28299.594960629573,40415.52,25
28307.41997749628,17926.333333333332,3
28331.967256794145,25570.035714285714,28
28337.84854892485,31961.0,1
28355.117480309244,29097.5,2
28407.630523552176,24366.88888888889,9
28407.98231122817,24051.23076923077,39
28425.39005263355,32192.434782608696,46
28435.7275187398,24987.37037037037,27
28441.50960318056,27282.82222222222,45
28502.98454465896,27129.0,49
28542.48496061849,9740.0,2
28548.330160019952,44650.5,76
28553.84854892485,19042.333333333332,3
28616.24816474837,30639.275,40
28637.17820660409,33446.9375,16
28653.54408732895,22557.222222222223,9
28669.40315697353,30506.552631578947,38
28680.32493881008,26348.8,35
28687.01782734151,35334.98148148148,54
28715.491916282248,31357.75,40
28727.81187737296,26797.694915254237,59
28743.82330707899,15244.0,1
28781.184854892486,20476.285714285714,28
28793.218929638897,29582.119047619046,42
28804.78030531874,26578.433333333334,60
28812.32940455391,29465.909090909092,44
28831.27712035342,18395.0,3
28854.98796849479,10920.0,1
28875.02592001628,26410.979591836734,49
28884.54935580394,29538.394736842107,38
28884.91547285513,30424.79069767442,43
28897.077408510228,29156.805555555555,36
28897.15664041233,17240.0,3
28916.156311644056,52609.333333333336,6
28937.90803424661,48346.25,104
28954.273367591966,25817.543859649122,57
28963.682437743693,36915.93103448276,29
28982.65664041233,29726.5,2
29003.430334174514,36305.54807692308,104
29043.74474309278,17850.85714285714,7
29044.56283463913,29436.333333333332,3
29050.979998470622,26082.95238095238,21
29077.258089002666,28451.549019607843,51
29094.548871386,13672.5,2
29114.687514920213,28667.51923076923,52
29121.646614157988,8152.0,1
29126.867480309244,29303.0,2
29186.608831687685,21640.521739130436,46
29198.742480309244,36948.0,1
29200.879827713456,21316.354838709678,31
29222.172616086325,23497.571428571428,42
29269.78796849479,14503.0,4
29283.27712035342,9603.5,2
29327.8624027574,31818.344827586207,58
29334.313280824656,6312.0,1
29352.329586816875,28257.641025641027,39
29361.74678070387,27597.036363636365,55
29379.155683185763,22680.0,15
29379.69475513704,23374.91891891892,37
29390.27370840705,19764.8125,32
29515.99331583044,29222.0,2
29539.78796849479,19386.666666666668,3
29559.817684648548,21044.74193548387,31
29582.85436053953,30680.4375,64
29588.57611672044,33169.04255319149,47
29589.956283463915,29426.53846153846,13
29600.58356279677,23927.565217391304,23
29605.27712035342,33038.0,1
29645.88436600545,35059.05263157895,19
29653.313280824656,5877.5,2
29653.71026246699,31635.617021276597,47
29675.649398424743,23851.166666666668,24
29705.18118076993,30346.814814814814,54
29722.98796849479,4848.0,1
29764.7939842474,37616.0,1
29771.56283463913,28364.0,3
29815.025401147945,44473.42857142857,7
29824.24721595352,39974.355769230766,104
29847.326649163773,27731.0,2
29851.36836767712,33968.36842105263,38
29878.24832895761,37127.125,16
29888.30916572901,32420.333333333332,39
29926.492480309244,41286.0,1
29943.331996499423,14540.125,8
29944.727652376223,32791.64,25
29968.15631164405,21665.4,15
29984.08840143476,24860.15,40
29992.43614488172,29906.86746987952,83
30012.56283463913,23261.0,1
30110.69852183224,31451.70731707317,41
30118.98496061849,31049.0,1
30128.326649163773,13881.0,1
30143.97994749132,7702.0,1
30172.646614157988,3797.0,1
30178.78796849479,15433.0,1
30197.73341572752,32613.590909090908,22
30229.98997374565,31911.0,2
30233.35887463454,32620.29411764706,17
30241.249614374832,38533.1,80
30250.282832020617,30211.13888888889,36
30251.10442694155,12776.0,1
30277.06173815201,30674.391304347828,46
30281.10442694155,31611.5,2
30281.326649163773,20961.0,1
30287.468586680643,30703.025,40
30292.242480309244,27250.0,3
30302.416402817867,28093.73015873016,63
30313.65357830215,32385.7,20
30315.56283463913,18117.0,1
30331.98796849479,18023.5,2
30334.646614157988,4513.0,1
30347.01399924988,33227.78,50
30362.35808267697,27291.960784313724,51
30364.06884720034,32237.13253012048,83
30365.357197306635,40452.464788732395,71
30369.12830317236,30347.444444444445,36
30383.52141218736,35127.74074074074,54
30383.7996461322,30280.62162162162,37
30385.717256794145,30902.35714285714,28
30398.646614157988,21742.0,1
30399.13426321056,32408.0,1
30405.326649163773,19845.0,1
30416.408027059675,31911.108108108107,37
30430.19220583321,28488.532258064515,62
30438.98997374565,41145.0,1
30470.545181102152,28080.0,55
30471.7931513178,38779.58928571428,56
30480.77109360821,19166.0,1
30480.887762121536,26904.654545454545,55
30483.78078001933,38143.92307692308,26
30542.992480309244,30469.666666666668,3
30557.966444979127,29146.314285714285,35
30568.23496061849,31032.0,1
30589.06586456632,31113.076923076922,26
30616.169243796925,39725.07692307692,39
30626.41997749628,26369.333333333332,3
30676.2939842474,28382.666666666668,3
30702.094699212368,31564.05,60
30709.867480309244,29246.4,5
30718.48997374565,23691.0,1
30723.959800420536,37320.45283018868,53
30725.368379008232,39406.19387755102,98
30740.252526895507,32582.064516129034,62
30741.7293228316,13583.333333333334,6
30752.072245806063,32620.42372881356,59
30774.13426321056,52205.0,1
30783.15664041233,12760.0,1
30838.84854892485,14454.0,1
30856.786626286827,24712.546875,64
30864.687680190305,34215.0,1
30875.48997374565,22749.0,1
30876.2939842474,15325.0,1
30885.03310791995,29023.515151515152,33
30888.81984251933,33490.617647058825,34
30901.0074609326,29245.897727272728,88
30902.2939842474,31608.25,4
30920.56283463913,16905.0,1
30929.176461513427,29789.125,32
30930.29771791644,29132.657894736843,38
30935.9494969976,26302.625,56
30943.144578703148,30704.978260869564,46
30951.546265616493,29555.48275862069,29
30952.99202889078,33644.89655172414,29
30998.24103357744,27797.883720930233,43
31007.31876115464,30454.5,50
31039.98496061849,19423.0,1
31043.53383403645,31890.0,1
31052.3939842474,25229.0,1
31053.581045595776,27728.6,45
31097.56283463913,43398.0,1
31115.991406067707,21446.333333333332,3
31118.38796849479,10735.0,1
31120.698795808075,25155.739130434784,23
31134.705691782,26297.5,2
31141.262841276177,35666.596153846156,52
31142.15664041233,26711.0,2
31143.313280824656,4704.0,1
31144.659982497105,21893.0,2
31149.23496061849,42776.0,2
31180.04364680801,27666.708333333332,48
31183.534940249847,34003.4693877551,49
31213.32330707899,20448.0,2
31217.513281245072,30616.32894736842,76
31218.23496061849,38113.0,1
31272.094635991474,34241.65,40
31274.86295275539,26994.76923076923,13
31281.82691017002,36808.93877551021,49
31293.080072417783,30129.06557377049,61
31303.34683856204,32131.555555555555,45
31314.98496061849,29147.0,1
31383.44116535395,26433.944444444445,36
31387.98997374565,9131.0,1
31392.56283463913,20527.0,1
31394.313280824656,32755.0,1
31412.43424001295,34739.76470588235,51
31441.2939842474,25832.666666666668,3
31446.15664041233,24089.75,4
31449.671802417888,31494.109090909093,55
31451.97994749132,13708.0,1
31459.94092370788,45394.301204819276,83
31516.57109803557,33279.86486486487,37
31516.57832020616,13712.0,1
31537.56283463913,19512.0,1
31540.37576285264,26875.333333333332,21
31550.123564670343,24483.869565217392,23
31574.73496061849,17284.0,1
31578.100153831943,29387.486842105263,76
31578.67176338213,37080.68571428571,35
31578.77531630475,38195.47169811321,53
31624.791518739792,30793.27027027027,37
31626.97994749132,13183.0,1
31633.48997374565,34487.0,1
31639.096827347246,26774.42105263158,19
31658.56283463913,29544.0,2
31688.98796849479,19507.0,2
31689.405506485386,27821.79245283019,53
31703.97994749132,33329.0,1
31712.486309318043,39198.48333333333,60
31713.67176338213,31992.542857142857,35
31738.492480309244,22173.0,1
31739.242480309244,14118.5,2
31743.98496061849,44625.5,2
31760.51780906915,27348.809523809523,42
31782.48496061849,37749.0,2
31789.38796849479,37701.0,1
31808.13426321056,19454.333333333332,3
31814.479177362893,36760.36,75
31821.73496061849,19520.0,2
31848.95363397688,20694.764705882353,17
31862.559508353024,39352.2,10
31873.867480309244,11401.666666666666,3
31877.050973551148,29568.39534883721,43
31904.53519039604,36797.818181818184,33
31907.98496061849,24338.0,1
31953.742480309244,40120.0,2
31986.242480309244,14648.0,1
31991.133371177173,34214.68085106383,47
31995.73180978326,29399.77142857143,35
32000.34514590054,28477.03846153846,26
32022.20586785298,33987.69696969697,33
32024.38796849479,25762.0,2
32064.601930923145,34120.813953488374,43
32070.646614157988,11852.0,1
32084.73561709255,35309.86842105263,38
32101.15664041233,15395.0,1
32103.55603624976,34982.10526315789,19
32108.67192004757,39752.30357142857,56
32113.64851174576,59837.666666666664,6
32119.82330707899,26241.5,2
32121.819998653624,37456.91428571429,35
32142.240369397987,33395.12280701754,57
32145.3939842474,28500.5,4
32149.16077690263,34545.64444444444,45
32152.71212401546,34554.975,40
32164.56314640849,31890.755555555555,45
32177.65685039328,34850.0,17
32193.62406003865,20707.894736842107,19
32194.48997374565,50969.0,1
32213.7939842474,13126.0,1
32218.806504126194,24832.739130434784,23
32245.79836378914,34135.39024390244,41
32273.73024006034,31493.454545454544,11
32279.113563576604,36709.79661016949,59
32320.983385826406,29528.8,30
32336.77109360821,32439.0,2
32342.705691782,41225.0,1
32345.56283463913,24831.0,2
32354.204250728144,29062.296296296296,27
32364.2684020376,29780.514285714286,35
32364.313280824656,2248.0,2
32401.28928875669,33618.26190476191,42
32402.80777698219,26792.75,40
32410.278916010306,36790.17105263158,76
32441.38796849479,24719.5,2
32464.106630173657,32977.43103448276,58
32468.33305864144,33420.86274509804,51
32471.48496061849,41990.0,1
32475.466009546497,32994.5,52
32546.896205991223,28982.466666666667,45
32547.316584085154,33947.290322580644,31
32559.74278703428,29953.555555555555,9
32559.84705180249,30483.30769230769,52
32585.628325887646,40984.0404040404,99
32594.004562342107,34300.846153846156,52
32606.40656785526,32482.243902439026,41
32623.7393483128,36431.89655172414,29
32628.457510411,34254.67857142857,84
32633.164699212368,54510.52,75
32636.65664041233,22227.5,2
32665.705691782,35736.666666666664,3
32671.00441240598,34201.88888888889,45
32671.42756140534,32193.68181818182,44
32672.425082002617,32447.590909090908,44
32689.25650187144,32363.54761904762,42
32710.6657117853,36061.0,10
32713.992480309244,21684.0,1
32724.18368282872,35228.63157894737,38
32738.97994749132,29894.0,3
32742.71944968392,31118.64864864865,37
32754.56701847343,35345.45283018868,53
32765.932146272844,32048.27027027027,37
32766.676770012884,30984.6875,48
32788.98496061849,25615.333333333332,3
32794.90081303764,28226.55319148936,47
32829.12947949658,51964.65625,64
32850.47590551077,28028.75,8
32869.99248030924,55236.0,1
32887.23496061849,38101.0,1
32887.85683593099,31376.714285714286,49
32891.93581674976,37632.0,29
32900.2303836056,31686.295454545456,44
32905.29398424739,26856.0,1
32908.61566404123,34374.230769230766,13
32930.323307078994,16372.0,2
32938.019146676255,33097.31578947369,95
32964.13543112638,31716.074074074073,54
32964.63339145066,37681.555555555555,27
32973.030780019326,49985.15789473684,19
33001.98796849479,23202.0,5
33029.575518739795,31965.137931034482,29
33051.88376735494,36010.1,40
33072.901471426216,31358.01886792453,53
33098.83077553641,34228.92857142857,42
33106.823307078994,23584.0,1
33150.41997749628,22014.0,2
33169.61561428047,45543.037974683546,79
33180.84854892485,34100.0,1
33208.825949111364,31436.909090909092,33
33224.823307078994,34949.0,2
33252.98997374566,43119.5,2
33280.685593266186,34305.19512195122,82
33285.83296199058,36260.69047619047,42
33298.18060222349,28100.70731707317,41
33316.323307078994,34296.5,4
33319.34932418696,29610.243243243243,37
33331.41880145194,36456.94594594595,37
33331.49248030924,29752.333333333332,3
33342.97994749132,29957.0,1
33348.882204719324,46617.0,1
33350.29565685838,51972.882352941175,51
33351.991406067704,33994.5,2
33357.95726149972,29954.366666666665,30
33383.08954187441,33004.42857142857,7
33384.915664041226,32175.923076923078,13
33412.57681513669,25745.731707317074,41
33413.22088538831,23722.285714285714,7
33418.15664041232,16137.75,4
33464.39620599122,29776.43137254902,51
33466.55939842474,28839.24,25
33494.33821147275,32099.941176470587,17
33510.90778293229,26795.5,34
33519.92703822611,28453.81081081081,37
33521.6470523791,42376.5,38
33530.94712486831,45767.256097560974,82
33550.823307078994,22474.0,1
33552.07930269888,30772.64912280702,57
33559.55950835302,32394.5,10
33589.10442694155,16481.0,2
33642.659982497105,33086.0,1
33662.6748215354,40591.5,64
33734.98496061849,21822.0,1
33748.36748030924,10711.0,1
33748.39363556805,38973.58139534884,43
33753.49248030924,13368.0,1
33791.97994749132,42469.0,1
33823.77742597938,34284.48484848485,33
33867.323307078994,12486.0,2
33898.30362667879,29178.78846153846,104
33941.35981840067,33641.07142857143,28
33983.85999877887,26870.72,25
33987.48496061849,20812.0,1
34000.10442694155,14631.5,2
34047.705691781994,18873.5,2
34056.78796849479,20681.0,2
34088.554441527296,30557.894736842107,19
34089.80341672452,33240.54347826087,46
34112.31550163862,30333.42105263158,38
34139.31328082465,3665.0,1
34169.176349315814,19865.0,3
34197.15166589448,30000.701754385966,57
34198.84854892485,55583.0,1
34227.18367850223,29185.632653061224,49
34237.9348902654,53716.4,10
34241.619699212366,30506.808510638297,47
34262.62950189212,42887.02173913043,46
34269.24584534602,37335.7,50
34271.98796849479,26464.0,2
34276.97405047422,24321.266666666666,45
34319.64661415799,27027.0,1
34337.51127801215,30060.333333333332,12
34359.086465955115,24626.1,10
34367.24248030924,26515.0,1
34375.78796849479,41962.0,1
34429.64661415799,40547.0,1
34431.74248030924,30815.0,2
34435.705691781994,54469.0,1
34452.0707606217,35704.27272727273,44
34463.57349606185,29213.090909090908,11
34473.32182616574,26551.16,50
34484.18796849479,33900.0,3
34485.41720563893,42670.166666666664,6
34522.323307078994,26973.5,2
34525.64070865978,27984.5,16
34532.74855740685,39236.13043478261,46
34533.41474442775,37769.75862068965,29
34589.31328082465,38057.0,1
34601.823307078994,29377.5,2
34623.27712035342,55514.0,1
34628.25936883838,26858.24,25
34667.33300990577,30065.90163934426,61
34680.6885470642,41987.26506024096,83
34697.97994749132,1989.0,1
34697.98997374566,26446.5,2
34702.38796849479,24256.5,4
34702.41583723973,36539.72340425532,47
34702.56283463914,23448.0,1
34707.27712035342,31170.0,1
34742.046405019326,25927.625,24
34757.59849606185,6041.5,4
34757.96992123698,2400.0,1
34806.765311679555,34186.67346938775,49
34807.73496061849,12294.0,1
34822.99498687283,51100.0,1
34837.96992123698,1819.0,1
34850.66017716495,29858.037037037036,27
34868.679020883006,36251.333333333336,36
34876.920564081775,40022.48,50
34892.58796849479,24658.0,2
34895.052815683564,40357.03448275862,87
34916.46992123698,4423.0,1
34916.73496061849,39027.2,5
34935.46992123698,5642.0,1
34970.46992123698,4072.0,1
34977.45728724561,35578.48837209302,43
35006.823307078994,34179.0,4
35029.98796849479,28317.0,2
35055.07089145066,29010.11111111111,27
35080.55674052265,42633.6,10
35090.38796849479,11464.4,5
35094.93154473852,46315.77922077922,77
35126.31328082465,38106.0,1
35135.981110138724,38274.791666666664,48
35171.87714178554,46966.68,50
35179.48496061849,7609.0,1
35207.313941956985,34657.88888888889,45
35218.25403920157,46069.09090909091,11
35230.376980141344,29191.644444444446,45
35249.96992123698,6009.0,1
35310.488923884266,32550.81818181818,55
35317.659982497105,28898.0,1
35320.911145012884,32172.061224489797,49
35330.14237970217,43071.1935483871,31
35342.64661415799,18777.5,2
35351.96992123698,12598.0,1
35361.69708751906,35483.73333333333,90
35373.388776645705,36073.125,8
35404.23496061849,30055.666666666668,3
35412.30388451317,35696.230769230766,13
35415.48997374566,10428.0,2
35468.323307078994,50035.0,1
35481.486265616484,40258.97777777778,45
35491.96992123698,5837.5,2
35497.15664041232,29490.0,3
35506.6287088305,32967.03389830508,59
35522.21553805266,17384.0,1
35539.65664041232,39483.0,1
35569.96992123698,355.0,1
35586.48496061849,5981.0,1
35590.48496061849,9608.0,1
35595.96992123698,9325.0,1
35597.41997749628,21642.75,4
35618.341406243584,31766.043478260868,46
35632.97994749132,33364.0,1
35644.15664041232,42006.0,2
35665.79973263322,33461.055555555555,36
35690.11748030924,25781.5,2
35698.134263210566,17737.0,1
35701.323307078994,27519.5,2
35705.97994749132,23644.5,2
35713.31328082465,19182.0,1
35745.96992123698,9096.0,1
35754.78796849479,23854.0,1
35758.84854892485,26399.25,4
35774.64661415799,18998.0,1
35809.96992123698,9220.0,1
35819.705691781994,42766.0,1
35833.53283202062,42214.21428571428,28
35833.64661415799,18821.0,1
35838.690411559146,31305.529411764706,51
35853.423523059406,39149.25,76
35860.46992123698,195.0,1
35862.46992123698,7004.0,1
35870.81621208564,35781.73170731707,41
35877.96992123698,12705.0,1
35937.30197582833,32076.4375,48
35951.23677832605,41120.275862068964,29
35973.64661415799,36929.0,1
35973.780305318745,36241.22580645161,31
36010.30369974658,46056.78048780488,82
36016.96992123698,7601.0,1
36017.98796849479,37804.666666666664,3
36020.323307078994,15662.0,1
36035.46992123698,13544.0,1
36039.323307078994,18846.25,4
36041.27450200277,35029.769230769234,39
36042.134263210566,24579.0,2
36051.64661415799,36160.0,1
36065.56281476929,32725.4,55
36067.48496061849,7700.0,1
36068.96992123698,11575.0,1
36081.18796849479,25073.0,4
36084.64661415799,20187.0,1
36126.04849606185,32650.222222222223,9
36130.49248030924,29152.0,1
36183.71063492759,34309.10810810811,37
36195.04410573638,31897.742857142857,35
36199.75867374985,34546.795454545456,44
36207.64661415799,31640.0,1
36227.46992123698,10249.0,1
36234.27712035342,41879.0,1
36234.48997374566,33596.333333333336,3
36251.46992123698,13270.0,1
36267.12660883452,40083.36666666667,30
36268.31328082465,6432.0,1
36317.96992123698,14509.0,1
36338.98997374566,13584.0,2
36343.99948140064,30785.870967741936,31
36392.56469428238,30785.03125,32
36408.593280019326,38845.0,29
36439.23496061849,8650.0,1
36441.53389192728,38960.153846153844,26
36443.27712035342,47869.5,2
36445.98496061849,33956.5,2
36447.53879684948,42455.125,8
36451.18796849479,20761.5,2
36463.94930718537,37114.13888888889,36
36494.96992123698,15323.0,1
36495.91165353949,31025.0,1
36505.65924231083,39905.37333333334,75
36508.11932938983,45484.145161290326,62
36583.984306884486,53067.291666666664,72
36592.48496061849,16132.2,5
36593.15664041232,20761.0,2
36598.557913144,36509.75,32
36621.85906610404,36006.0,10
36645.96992123698,12957.0,1
36657.548871386,16839.0,1
36671.57525156735,42195.0,13
36695.46992123698,4578.0,1
36696.46992123698,620.0,1
36697.96992123698,7196.0,1
36701.46992123698,20862.0,1
36702.976092519326,50100.0,22
36717.61748030924,41016.0,1
36744.46992123698,12332.0,1
36750.087552054974,39097.230769230766,13
36814.96992123698,8459.0,1
36825.18796849479,18502.0,1
36835.5223854686,42217.5,50
36838.771093608215,34356.75,4
36858.63019007945,35854.294117647056,51
36871.96992123698,512.0,1
36875.56358839721,37343.1,30
36945.705691782,42979.0,1
36949.46992123698,4070.0,1
36958.31748240049,35299.34090909091,44
36959.3097742772,33953.875,8
36959.96992123698,30591.0,1
36968.96992123698,13654.0,1
36970.97918260186,42761.16393442623,61
36983.48997374566,20498.333333333332,3
36984.18796849479,28920.0,1
37008.96992123698,18572.0,1
37012.54425664591,29709.64406779661,59
37026.52360397499,41230.90909090909,11
37034.724310636746,43135.61538461538,13
37040.688782719415,37842.229166666664,48
37057.31328082465,4065.0,1
37076.4848606074,30588.666666666668,12
37077.823307078994,30254.0,1
37096.36748030924,33283.0,2
37112.42189519374,36441.709677419356,31
37124.78796849479,26914.0,3
37129.15964004418,39557.8125,16
37139.38796849479,52648.0,1
37141.73496061849,24040.5,2
37160.97994749132,15455.0,1
37178.61748030924,37328.0,1
37179.99948583311,47005.76,25
37184.45999596088,34614.71428571428,14
37196.86748030924,20621.0,1
37225.99248030924,32764.5,2
37238.78796849479,31886.0,2
37247.280560912775,41230.346153846156,52
37260.18796849479,41442.5,2
37276.17137659439,49400.77777777778,54
37286.0854402249,29414.5,2
37296.74248030924,32481.5,2
37298.86748030924,24183.0,2
37314.98496061849,41404.666666666664,3
37318.31328082465,22403.5,2
37323.11748030924,52257.0,1
37345.79969921237,43232.40476190476,42
37348.84854892485,32062.0,1
37354.85602122914,40726.62222222222,45
37375.97994749132,7401.5,2
37381.91685820226,35511.48148148148,27
37396.98496061849,42541.0,1
37403.97994749132,43639.0,1
37412.38796849479,56539.0,1
37412.705691782,39710.0,1
37422.068446917874,35283.032258064515,31
37434.98796849479,15453.0,1
37443.73496061849,33901.5,2
37462.323307078994,27947.0,1
37470.945354329895,43895.125,8
37472.61748030924,34976.0,1
37481.46992123698,550.0,1
37487.30092656916,32284.6,10
37507.65664041232,39000.0,1
37532.28299912485,30181.44680851064,47
37543.33668421256,40947.29787234042,47
37547.15664041232,18853.0,1
37547.45372887824,44620.07142857143,56
37554.64661415799,19430.5,2
37583.98325075182,34367.68,25
37585.86670786376,32305.675675675677,37
37592.97994749132,14138.666666666666,3
37605.27712035342,36243.0,1
37630.02251338557,30559.326923076922,52
37649.82626561649,42021.5625,32
37655.2094709206,38093.545454545456,55
37655.46992123698,17446.0,1
37655.58796849479,37067.333333333336,3
37664.96992123698,1179.0,1
37675.41997749628,22029.0,1
37721.96992123698,19883.0,1
37724.64661415799,46199.0,2
37733.14655278234,39133.108695652176,46
37742.96992123698,22446.0,1
37750.56508067602,33166.6,25
37791.97994749132,52144.0,1
37814.57028159589,39738.98039215686,51
37845.650866140735,39368.555555555555,18
37852.823307078994,37241.0,2
37862.323307078994,33900.5,2
37874.37559488508,52831.87096774193,31
37888.61343831997,39342.58536585366,41
37922.46992123698,18341.0,1
37938.98496061849,11230.0,1
37948.55632001167,40764.745762711864,59
37966.58796849479,23864.0,1
38021.927981356384,43360.794642857145,112
38026.22539753307,48980.426666666666,75
38028.71633245819,37993.51162790698,43
38053.31328082465,21657.0,1
38054.134263210566,32319.333333333332,3
38059.7699987088,43842.46341463415,41
38075.96992123698,27039.0,1
38084.12378982009,43838.282608695656,46
38086.21229794525,37793.65306122449,49
38088.60269716249,31859.387096774193,31
38110.98997374566,36051.0,2
38115.66837401546,43461.666666666664,42
38123.96992123698,24985.0,1
38147.79973844554,44769.27631578947,76
38153.52878223531,40549.44642857143,56
38155.79524774847,37445.02380952381,42
38160.79849606185,55701.8,10
38162.46992123698,2404.0,1
38181.41997749628,52870.0,1
38182.68971720052,39255.55,40
38182.96992123698,28203.0,1
38190.323307078994,54134.0,2
38193.86748030924,29252.0,1
38227.6417886446,36963.194444444445,36
38230.877339587634,40252.29824561404,57
38245.03043790559,38460.95945945946,74
38255.25610175628,43157.13043478261,46
38258.46992123698,4075.0,1
38274.833921781625,36932.02380952381,42
38290.84864501288,37425.02631578947,38
38299.61585779028,38672.65909090909,44
38362.42806590314,39840.3870967742,31
38365.82079365877,38675.0,31
38367.44190017551,53033.07692307692,78
38376.9914060677,32129.0,1
38385.871060478166,34221.1,10
38403.71135459723,32183.76923076923,39
38405.56681460168,35115.53846153846,13
38412.98796849479,43002.0,1
38418.48318594765,36405.51851851852,54
38423.18796849479,38125.333333333336,3
38430.15664041232,45515.0,1
38433.73496061849,41814.0,1
38435.46858668064,36547.93877551021,49
38460.86994509445,38064.21052631579,57
38460.96992123698,2713.0,1
38464.323307078994,42688.0,1
38472.705691782,31459.0,1
38484.88234092319,32708.108108108107,37
38509.98496061849,31769.0,2
38510.65664041232,32982.0,1
38519.48496061849,28313.0,1
38520.05653543219,35455.75,20
38520.76751873979,39403.4,25
38521.08216413646,36669.91176470588,34
38541.48659603389,36714.67567567567,37
38556.376440943866,32844.692307692305,13
38561.67505476928,59628.16993464052,153
38582.18796849479,34967.0,2
38586.84854892485,32324.5,2
38614.96992123698,55362.0,1
38633.548871386,30318.5,4
38648.65879684948,30559.14285714286,7
38667.87293228317,71728.21739130435,46
38669.38796849479,39205.0,2
38675.86748030924,25396.0,1
38676.57611672043,36649.6,60
38690.16379406397,38744.08,50
38701.16710139785,34657.619047619046,84
38733.98997374566,31642.0,1
38739.28762578368,39748.666666666664,24
38765.65372887824,41486.333333333336,48
38775.73496061849,20772.5,2
38788.91635334622,34908.47368421053,38
38794.41997749628,23414.0,1
38800.31328082465,32995.0,2
38803.15664041232,33974.5,2
38851.58796849479,24996.333333333332,3
38857.31807290721,37158.0,47
38871.74391847988,35928.846153846156,13
38887.96992123698,12515.0,1
38889.96992123698,4309.0,1
38907.99331583044,53006.0,1
38910.20469921237,35782.857142857145,42
38923.245971980185,57075.782608695656,23
38945.51763493158,38787.40625,32
38950.09930667737,36318.525,40
38975.01141083808,36105.43103448276,58
38991.1298215531,40436.242424242424,33
38994.27712035342,27808.0,1
39027.96992123698,27307.0,1
39028.05881635739,36173.25,56
39060.18796849479,34372.5,2
39061.56196287923,38343.63333333333,30
39071.78796849479,40641.5,2
39072.98997374566,34748.0,1
39095.19759369896,43920.57142857143,7
39100.4966051059,40936.76470588235,34
39135.97844959488,42072.57142857143,21
39138.78796849479,33573.0,1
39157.58796849479,18053.0,1
39176.97994749132,9407.0,1
39183.98496061849,22517.333333333332,3
39190.88356781109,36089.43,100
39208.46992123698,2171.0,1
39224.5551842128,39237.975,40
39227.21257347759,52676.68493150685,73
39228.178409552806,41874.34042553192,47
39250.05336508524,35888.125,40
39250.98009726703,35965.51219512195,41
39267.7483414036,39563.5,46
39268.76781352632,34276.77419354839,31
39270.134263210566,37428.0,1
39270.46992123698,2299.0,1
39296.21266178979,40079.066666666666,30
39302.705691782,21538.5,2
39322.96992123698,1871.0,1
39326.13708086898,50070.15789473684,76
39340.98796849479,38538.0,3
39345.96992123698,24925.0,1
39355.65664041232,42672.5,2
39378.823307078994,30802.0,2
39414.23085347977,51324.828125,64
39416.50769969237,38958.760869565216,46
39416.67370078716,32433.533333333333,45
39417.98496061849,39574.0,2
39441.96992123698,24508.0,1
39446.0255638476,36111.08571428571,35
39485.134263210566,25203.0,1
39487.73496061849,34178.0,1
39490.53511810912,32952.1875,16
39510.58796849479,37514.0,1
39514.312514371006,55292.21052631579,57
39521.134263210566,22832.0,1
39525.97994749132,25536.0,2
39545.96992123698,27224.0,1
39553.86879498677,38290.5,42
39554.64661415799,22161.0,2
39558.46992123698,3701.0,2
39560.11144633207,40835.04347826087,46
39563.98496061849,27792.5,2
39564.52360397499,27156.545454545456,11
39580.41997749628,29429.0,1
39606.66417621819,40842.4,40
39606.80904636884,39199.32432432433,37
39623.48496061849,11156.0,1
39638.96992123698,39635.0,1
39651.5467914621,38470.9,40
39656.46992123698,41279.0,1
39663.46992123698,16893.0,1
39682.49744220308,33841.28846153846,52
39705.46992123698,37139.0,1
39711.07855159522,37756.26,50
39720.46992123698,26247.0,1
39750.73496061849,14448.0,2
39752.0838310396,34092.42105263158,57
39758.04945195261,36340.875,40
39763.28010498664,37110.442307692305,52
39784.96992123698,3134.0,1
39786.283824275815,37642.0,50
39800.46992123698,26604.0,1
39856.30777698219,53122.194444444445,72
39868.98496061849,34895.5,2
39888.11748030924,15698.0,1
39895.98796849479,40804.5,2
39909.98796849479,42750.0,2
39913.98796849479,51156.0,1
39915.47561413088,43660.166666666664,54
39919.705691782,27054.0,1
39923.46992123698,32800.0,1
39932.98997374566,29941.0,2
39934.89107895235,50165.36842105263,19
39979.97994749132,21885.0,1
40029.98997374566,33156.0,2
40044.823307078994,35827.0,1
40053.98796849479,9879.0,1
40101.07622368608,44290.05128205128,39
40124.64661415799,25609.0,1
40132.38796849479,16916.0,1
40154.46992123698,15111.0,1
40165.96992123698,17694.0,1
40191.31328082465,47320.0,1
40198.61748030925,40794.5,2
40234.42076317208,39788.166666666664,6
40238.41173570596,25920.916666666668,12
40241.78796849479,38358.0,2
40242.87550265483,36750.05882352941,34
40269.48997374566,35834.0,1
40269.96992123698,12229.0,1
40274.48496061849,26299.5,2
40279.752649653456,34373.833333333336,36
40281.65664041232,22356.0,1
40287.25486775574,46567.90909090909,11
40297.59914060678,47282.260869565216,23
40313.98997374566,36041.0,1
40352.882204719324,40002.0,1
40383.57089145066,51765.346153846156,26
40404.41997749628,15046.0,1
40418.83759369896,39193.28571428572,7
40421.99248030924,46113.5,2
40438.18796849479,23976.666666666668,3
40447.86748030924,27259.0,1
40447.96992123698,2817.0,1
40461.932968742265,36828.181818181816,33
40464.98796849479,41276.0,1
40469.23496061849,39305.0,1
40472.12879174546,44638.666666666664,24
40478.46776511954,47642.64864864865,37
40488.61427001288,41796.510204081635,49
40508.10143618248,36345.032258064515,31
40508.46992123698,28219.0,1
40523.46992123698,42803.0,1
40552.31328082465,51878.0,1
40583.15664041232,33952.0,1
40584.46992123698,35449.0,1
40585.23496061849,33208.0,1
40586.84854892485,49971.0,1
40588.837940404286,41668.10810810811,37
40611.823307078994,34254.0,1
40673.60402867517,34157.58620689655,29
40685.323307078994,32530.0,1
40697.244147971214,26598.18181818182,11
40700.77405047423,32790.260869565216,46
40704.74248030924,25204.0,1
40705.15664041232,42079.0,1
40729.96992123698,31317.0,1
40731.28214600268,40994.58620689655,58
40754.53502009325,48147.15476190476,84
40773.9914060677,36061.0,1
40774.96992123698,11219.0,1
40780.44760334622,40866.90697674418,43
40785.27712035342,12380.0,1
40796.26782911691,48125.35,80
40826.46992123698,4168.0,1
40836.38796849479,56055.0,1
40838.12227931994,31795.416666666668,36
40867.71256692783,56539.22222222222,9
40888.58796849479,47855.0,1
40905.98496061849,18767.0,1
40911.58796849479,40324.0,2
40915.48496061849,46714.0,1
40917.96992123698,8455.0,1
40924.23496061849,31954.0,1
40935.98796849479,52964.0,1
40941.45922471054,36724.333333333336,6
40945.64661415799,5604.0,1
40957.23879684948,72181.5,12
40959.46992123698,1383.0,1
40981.597677164944,31175.5,30
40990.84854892485,25383.0,1
40993.46992123698,39685.0,1
41003.1201038873,39898.34090909091,44
41012.96992123698,2435.0,1
41045.323307078994,16573.0,1
41062.56283463914,56014.0,1
41113.323307078994,29962.0,1
41118.25703120274,34926.2,5
41135.98796849479,40315.0,2
41138.96992123698,3971.0,1
41172.58796849479,28491.0,2
41176.98997374566,44297.5,2
41185.032714188565,33843.583333333336,48
41187.98496061849,22698.5,2
41214.98997374566,29155.666666666668,3
41235.15664041232,36367.0,1
41276.823307078994,52166.0,1
41290.98997374566,32286.5,2
41295.46992123698,3182.0,1
41300.30451123459,45452.98148148148,54
41317.98496061849,39502.0,3
41320.65664041232,42022.0,1
41336.46992123698,28745.0,1
41340.90195311767,47716.307692307695,39
41356.10442694155,43398.0,1
41374.31328082465,39132.0,1
41399.98496061849,35610.0,2
41404.15664041232,37885.0,1
41408.134263210566,15337.666666666666,3
41420.38796849479,34497.0,2
41430.38796849479,31193.0,1
41432.46992123698,2750.0,1
41455.99866316609,62109.75,8
41457.49248030924,41971.5,2
41458.18299912485,38678.19672131148,61
41465.78683090334,37070.61538461538,39
41487.46992123698,4617.0,1
41515.73496061849,35119.0,1
41517.73679386201,45741.820512820515,39
41520.81468117037,46778.8,40
41529.65901012348,42193.767441860466,43
41531.693660341385,46497.45714285714,35
41533.98496061849,38000.5,2
41539.98997374566,35966.0,1
41540.46992123698,39188.0,1
41552.015891040406,38000.0,50
41567.58796849479,38606.0,2
41576.6064036094,41959.44680851064,47
41589.823307078994,36771.0,1
41598.31328082465,20055.0,1
41614.31328082465,56195.0,2
41622.3411383564,51581.0,6
41656.57751041099,56290.60526315789,76
41680.18796849479,31678.0,2
41681.46992123698,41578.0,1
41684.73496061849,25390.0,1
41721.92494162341,41433.62745098039,51
41726.98997374566,34688.0,1
41751.23496061849,28572.0,3
41775.46992123698,43982.0,1
41829.18796849479,32991.0,1
41856.73496061849,40430.666666666664,3
41880.06772607935,46280.61538461538,26
41886.705691782,42450.0,1
41892.58796849479,28685.333333333332,3
41914.96992123698,3315.0,1
41921.476106325325,49967.38461538462,26
41949.15664041232,24952.0,2
41954.15664041232,21897.0,2
41977.46992123698,27163.0,1
41980.823307078994,41919.0,1
41999.64702276957,53070.25,4
42013.823307078994,41787.0,2
42021.31328082465,55547.0,1
42026.17284828197,53819.27027027027,37
42043.49248030924,33415.0,2
42069.23496061849,42382.0,1
42074.96992123698,25488.0,1
42077.529911673686,45480.27272727273,33
42080.61748030924,52164.5,2
42088.44254927835,43250.434782608696,46
42101.64661415799,11113.0,2
42105.64661415799,26516.0,1
42105.84854892485,39338.0,1
42120.15664041232,20753.0,1
42127.48997374566,41039.0,1
42143.157367039246,36991.346153846156,26
42145.96992123698,45413.0,1
42150.27712035342,42358.0,1
42204.97994749132,30122.0,1
42208.46992123698,44946.0,1
42215.96992123698,10988.0,1
42217.38796849479,30335.0,2
42222.96992123698,31762.0,1
42227.93199649942,36638.6,5
42248.73496061849,26656.0,1
42260.83121348106,43450.0,31
42270.96304781996,45247.06,50
42272.73496061849,32091.0,1
42275.44212985634,45506.11111111111,27
42287.98997374566,33875.5,2
42301.82982002209,36724.642857142855,28
42309.26506129714,40420.857142857145,14
42321.96992123698,3669.0,1
42328.46992123698,26963.0,1
42328.94926533245,37391.148148148146,54
42340.32920365042,48866.62222222222,45
42343.23496061849,41462.5,2
42346.84854892485,37651.0,2
42350.64661415799,41137.0,1
42362.55353765371,46504.66197183099,71
42367.64661415799,37702.0,1
42370.83513054259,42333.27906976744,43
42394.45327598717,44649.137931034486,29
42404.97994749132,16630.0,1
42432.46992123698,19277.0,1
42446.27712035342,39900.0,1
42467.85676920791,41863.91176470588,34
42471.95675079037,44282.8125,32
42484.18796849479,41534.333333333336,3
42508.229764518655,52757.35294117647,68
42527.96333219184,59740.269230769234,78
42534.97994749132,43414.0,3
42541.51983611767,42824.514285714286,35
42547.823307078994,48461.0,2
42571.64661415799,29022.0,1
42579.38796849479,46077.5,2
42604.20848001566,40671.31481481482,54
42610.46992123698,37683.0,1
42611.9914060677,55362.0,1
42617.64661415799,48658.0,2
42619.18796849479,31773.0,2
42641.46992123698,42072.0,1
42643.64661415799,33860.0,2
42644.18796849479,25124.0,1
42647.12854711672,42447.67647058824,34
42667.323307078994,44698.666666666664,3
42667.98496061849,39704.0,1
42686.66999913447,48254.41025641026,39
42699.40517372359,54610.9,40
42712.46992123698,26018.0,1
42731.8646019244,43567.565217391304,23
42741.96992123698,23530.0,1
42779.022967519326,41858.333333333336,30
42779.11748030924,48016.0,1
42782.18796849479,35409.666666666664,3
42788.18796849479,42991.0,1
42789.13758530157,40509.11363636364,44
42789.46992123698,32874.0,1
42806.64661415799,15425.0,1
42808.38796849479,42890.0,1
42815.05184003255,38492.94117647059,17
42820.84854892485,52463.0,1
42821.64661415799,28272.0,1
42829.323307078994,16498.0,1
42830.64661415799,30385.0,2
42836.24959353023,64731.291666666664,48
42840.96992123698,36942.0,1
42857.48496061849,20699.0,1
42860.86536807029,44768.46,50
42866.46992123698,45234.0,1
42876.41781722711,43269.02040816326,49
42915.48997374566,42334.0,1
42926.11938916588,43713.25,8
42927.15664041232,17970.5,2
42942.46385601767,43814.485714285714,35
42958.53638329081,39610.9756097561,41
42966.31280300221,51082.94594594595,74
42977.46992123698,40050.0,1
42992.748496061846,36374.0,10
42995.29666552517,43570.2972972973,37
43011.12245772519,42015.692307692305,26
43012.50534001405,40109.51351351351,37
43048.756910606426,49314.41463414634,41
43079.65664041232,31500.5,2
43087.64661415799,12562.0,1
43095.84038116225,42609.54385964912,57
43096.8384732413,41811.26666666667,30
43098.329398424736,51109.93220338983,59
43106.96992123698,10006.0,1
43116.86822767128,49966.48863636364,88
43128.05850183141,41846.07407407407,27
43134.98796849479,40415.0,1
43171.23496061849,28291.0,2
43186.53679909986,38838.767441860466,43
43193.51921699706,35675.86956521739,46
43198.98796849479,36362.0,2
43205.96992123698,40810.0,1
43223.78796849479,26285.333333333332,3
43236.32664916377,26476.0,1
43237.64661415799,40224.0,1
43266.38796849479,30796.5,2
43269.88302142412,42044.5,14
43286.847677164944,39258.92307692308,26
43287.64661415799,34942.0,1
43291.56283463914,33983.0,1
43294.58796849479,36736.5,2
43332.46992123698,33585.0,1
43341.15664041232,39990.5,2
43345.65108481413,47036.80487804878,41
43350.01763493158,33253.1,30
43362.05120553857,41099.121212121216,33
43363.64661415799,28786.0,1
43365.78796849479,46026.333333333336,3
43383.46992123698,5990.0,1
43385.64661415799,30725.0,2
43416.23761779741,39406.84375,32
43416.37462401546,39766.660377358494,53
43417.78796849479,46409.0,1
43428.323307078994,55273.0,1
43436.5646614158,51775.5625,16
43441.53288772203,42021.125,40
43446.48496061849,38470.0,2
43447.24715451811,39072.724137931036,29
43449.98796849479,40926.0,3
43466.97994749132,40953.0,1
43468.23777694431,44856.21875,32
43475.312514371006,36694.4375,32
43480.705691782,40646.0,1
43488.78788142632,38631.604651162794,43
43496.31328082465,41580.0,1
43504.52159152632,38113.92,25
43507.46992123698,11011.0,1
43509.96992123698,39220.0,1
43525.98496061849,50234.0,2
43535.02141218736,39478.23333333333,30
43569.38796849479,37978.5,2
43583.98496061849,42668.75,4
43590.31328082465,30418.0,2
43601.84854892485,34815.0,1
43613.73496061849,31117.0,1
43643.48997374566,39762.0,1
43659.15664041232,40748.5,2
43669.212397477255,58380.14864864865,74
43669.64661415799,45387.0,1
43672.78796849479,41873.0,1
43699.85944006872,45753.5,8
43735.87017105581,39785.09090909091,33
43747.323307078994,45581.0,2
43751.99248030924,40084.0,1
43754.96992123698,21551.0,1
43780.30079455952,46910.619047619046,42
43786.823307078994,42331.0,1
43795.47055117983,64104.77777777778,9
43796.14235161743,38897.379310344826,29
43809.96992123698,28805.0,1
43830.96992123698,6524.0,1
43835.323307078994,46164.0,1
43842.134263210566,33133.0,1
43861.19482849987,53585.11363636364,44
43889.48997374566,25382.0,1
43922.41997749628,42574.0,1
43931.38796849479,28219.5,2
43937.78796849479,17131.0,1
43945.98997374566,39888.0,2
43946.46992123698,4697.0,1
43957.38796849479,42998.0,2
43958.98496061849,25346.0,1
43962.64661415798,23963.0,1
43981.66523434462,46833.454545454544,11
43982.38796849479,40325.0,1
44001.58796849479,39397.0,2
44041.46992123698,30354.0,1
44046.28675852997,51500.39506172839,81
44055.53731098104,54186.22641509434,53
44061.96992123698,43132.5,2
44083.277171950125,50506.620689655174,58
44086.56283463914,43603.0,1
44094.78796849479,40574.5,2
44095.98997374566,39842.0,1
44114.58796849479,44301.5,2
44122.46992123698,40982.0,1
44132.31328082465,44183.5,2
44142.98997374566,39560.0,1
44172.9914060677,50853.0,1
44189.64661415798,49572.5,2
44192.101092519326,56059.02777777778,36
44203.78796849479,36123.0,1
44208.5890055793,50467.3125,32
44220.0276424257,37541.0,7
44222.96992123698,29686.0,1
44225.46992123698,22042.0,1
44234.98496061849,46076.666666666664,3
44248.48997374566,52577.0,1
44251.5411383564,55353.09090909091,11
44258.58796849479,40165.0,2
44262.23496061849,49005.0,3
44266.31328082465,40015.0,1
44266.58796849479,54097.0,1
44274.48496061849,43280.0,2
44297.9646614158,43591.71428571428,14
44298.96992123698,15544.0,1
44301.58796849479,22093.0,1
44305.38796849479,41971.0,1
44306.83954187441,54818.88888888889,9
44308.58723074844,44706.31707317073,41
44313.88448389377,43180.529411764706,51
44338.31328082465,42259.0,1
44339.705691782,39935.5,2
44345.65664041232,33753.0,1
44349.40459246586,39537.57692307692,26
44350.9914060677,39821.5,2
44364.31328082465,29218.25,4
44367.68751354032,41151.791666666664,48
44372.58796849479,30435.0,1
44383.83056227095,44971.94285714286,35
44389.58796849479,48060.0,2
44392.56283463914,30810.0,3
44395.96992123698,42885.0,1
44397.23496061849,27042.0,4
44428.78796849479,55900.0,1
44439.65664041232,41696.5,2
44447.65664041232,19624.0,1
44449.7341234038,44096.9756097561,41
44453.48997374566,18329.0,1
44468.94794669839,38238.86363636364,22
44473.78796849479,38216.5,2
44500.12395391228,55563.833333333336,84
44520.64661415798,39527.0,4
44529.18796849479,52169.0,1
44552.96992123698,43552.0,1
44558.38796849479,41706.5,2
44567.812516852326,37514.61111111111,36
44571.48496061849,30029.5,2
44573.54603476366,48881.482142857145,56
44577.74248030924,33478.0,2
44578.23496061849,31912.0,2
44594.60406506854,48855.517857142855,56
44595.873496061846,50695.07692307692,13
44601.96992123698,6123.0,1
44634.48997374566,34608.5,2
44639.05712116887,43991.92105263158,38
44650.220230726445,33565.28571428572,14
44668.46992123698,28104.0,1
44672.85441252778,43054.820512820515,39
44705.97994749132,35819.0,1
44707.691368784064,43522.54838709677,31
44722.84854892485,39149.0,1
44727.97994749132,37885.0,1
44742.38796849479,48809.0,1
44756.79337401546,48252.862068965514,58
44774.97994749132,5938.0,1
44790.705691782,42479.666666666664,3
44831.98496061849,55982.0,1
44835.35052539458,48785.27659574468,47
44838.78796849479,29792.0,2
44860.73496061849,40994.0,1
44863.41997749628,39602.0,1
44875.8532917224,42887.75925925926,54
44903.46992123698,27018.0,1
44907.9914060677,29096.0,1
44909.58796849479,37127.0,2
44912.87859772276,49696.4,50
44921.98796849479,39048.0,1
44932.04447682823,49210.43243243243,37
44963.323307078994,27020.666666666668,3
44970.96992123698,33754.0,1
44991.214590337135,54779.22222222222,9
45003.06675462803,30426.157894736843,19
45014.98796849479,51065.0,1
45017.3290578969,40457.65217391304,46
45019.15664041232,40044.666666666664,3
45024.78796849479,38534.0,1
45032.58796849479,30927.0,1
45036.48496061849,45085.0,2
45052.134263210566,33412.666666666664,3
45063.96992123698,37898.0,1
45082.51564389092,55322.91428571429,35
45090.64661415798,42582.5,2
45091.46992123698,4082.0,1
45093.65664041232,31061.0,1
45099.06062007731,78467.5,6
45100.56283463914,27748.0,1
45101.73496061849,49965.0,1
45112.97475815415,59190.25,4
45116.96992123698,12045.0,3
45121.98496061849,21784.0,4
45169.58796849479,36989.5,2
45193.23496061849,39991.0,1
45210.58796849479,31089.0,1
45234.323307078994,41371.0,1
45252.96992123698,52119.0,1
45258.823307078994,28274.0,1
45289.65664041232,45459.0,2
45307.64661415798,39351.0,1
45334.56283463914,36453.5,2
45337.33954187441,40839.444444444445,9
45339.46992123698,22105.0,1
45340.96992123698,25246.0,1
45363.18796849479,42980.5,2
45368.96992123698,22924.0,1
45370.64661415798,29408.0,1
45424.23496061849,28962.0,1
45434.64661415798,54690.0,1
45435.96992123698,18189.0,1
45439.38796849479,36301.0,1
45462.58796849479,42456.0,1
45466.97994749132,52442.0,1
45474.46992123698,35811.0,1
45476.46992123698,30444.0,1
45485.78796849479,32120.5,2
45488.96992123698,22419.5,2
45505.53652548671,46917.892857142855,28
45510.97994749132,40203.0,3
45513.5994531134,52506.030303030304,33
45530.18796849479,52545.0,2
45531.46992123698,10937.5,2
45536.98796849479,48455.0,1
45550.705691782,41035.0,1
45554.56594168849,30610.076923076922,13
45569.61585779027,49061.32692307692,52
45574.56283463914,35886.0,1
45576.98496061849,52322.0,1
45579.477670050095,48133.642857142855,84
45597.17201614485,44489.01315789474,76
45597.99248030924,49333.5,2
45612.94864273283,63671.208333333336,24
45615.31328082465,46451.0,1
45621.49832895761,37106.125,8
45640.97994749132,18928.0,1
45647.18796849479,32784.0,2
45662.98796849479,52767.0,1
45672.829810330026,49054.78571428572,42
45681.46992123698,19130.0,1
45683.98796849479,30573.333333333332,3
45686.76670365041,55440.46666666667,60
45686.94009102052,63318.12195121951,82
45712.96992123698,21358.0,1
45713.58796849479,43752.0,1
45714.254081908126,49892.875,32
45736.58796849479,49390.0,1
45746.08908613557,80870.8,5
45752.28374910497,36539.9,40
45760.73496061849,39375.0,1
45764.323307078994,44035.0,2
45795.355752345706,38400.0,31
45800.09350292713,50254.933333333334,30
45812.04200974854,44768.38775510204,49
45823.79357480287,37320.892857142855,56
45827.23151873979,51720.681818181816,22
45834.18796849479,41145.0,1
45842.64142482081,61378.28571428572,7
45845.340522170365,41351.666666666664,15
45851.96992123698,40790.0,1
45856.98496061849,43581.0,1
45868.97994749132,40538.0,1
45871.98796849479,52646.0,1
45883.46992123698,6165.0,1
45905.46992123698,47381.0,1
45909.28319506429,47995.53333333333,45
45919.46992123698,46279.0,1
45951.98496061849,36669.0,1
45966.65664041232,29252.0,1
45993.98496061849,38442.0,1
45999.96992123698,51566.0,1
46012.78796849479,51812.0,1
46051.64661415798,42282.0,1
46060.64661415798,48016.0,1
46062.437900262186,47696.5641025641,39
46068.31854996364,59646.73684210526,76
46074.048120257416,46045.80952380953,42
46091.37969921237,49996.19565217391,46
46091.9045253297,47891.416666666664,60
46092.060608795575,52903.92857142857,56
46107.18796849479,21762.0,1
46109.44849606186,46037.92307692308,13
46109.98796849479,32235.0,1
46110.25574803128,42963.5,42
46119.39316027403,40783.75,28
46122.46992123698,21417.0,1
46129.98496061849,35957.0,1
46132.49971078112,47105.07142857143,42
46153.64661415798,29433.0,1
46159.46992123698,33774.0,1
46162.84854892485,39516.0,1
46170.64661415798,54888.0,1
46180.98796849479,55492.0,1
46186.34840944858,42925.32558139535,43
46203.98496061849,35043.333333333336,3
46234.756431580936,60906.75,40
46264.98997374566,29910.0,2
46272.39714187872,45354.04347826087,46
46274.58881110136,49332.59090909091,44
46279.548871386,24458.0,1
46283.23496061849,43593.5,2
46283.373496061846,21972.0,4
46291.57460932592,37512.46666666667,15
46302.09179850407,56648.55405405405,74
46315.54849606185,55824.11111111111,9
46318.62272168834,48568.07272727273,55
46328.23496061849,42228.0,2
46337.08564874944,72617.66666666667,3
46368.97994749132,34586.0,4
46379.50716339539,56637.4756097561,82
46380.97994749132,26248.25,4
46417.36959446516,44292.26470588235,34
46421.82643486373,45765.916666666664,48
46425.46992123698,16163.0,1
46432.64770861717,51699.25,48
46452.46992123698,25864.0,5
46455.46992123698,43550.0,2
46477.02799849975,48923.86842105263,38
46479.42492419756,51931.64,25
46483.73496061849,33090.333333333336,3
46484.71152453375,42242.90243902439,41
46498.33166229095,45756.6,10
46506.705691782,38475.666666666664,3
46526.38796849479,49291.0,1
46553.78796849479,41803.0,1
46559.23496061849,35703.5,2
46588.47279485201,42051.36538461538,52
46596.23496061849,48414.5,2
46609.18796849479,46995.0,2
46611.78796849479,35996.5,2
46615.83581831906,52007.95,40
46627.823307078994,28821.5,2
46628.96992123698,34800.0,1
46663.507342519326,47271.805555555555,36
46665.96992123698,39706.0,1
46689.77520327792,44534.976744186046,43
46690.03958862192,48171.38461538462,13
46692.58796849479,30195.0,1
46692.77469921237,44708.36,50
46706.86670429175,42819.23529411765,34
46709.24448872431,71502.4693877551,49
46709.46992123698,38831.0,2
46710.64661415798,54595.0,1
46713.195036409576,47156.74193548387,31
46713.73496061849,35706.5,2
46718.31604430776,55706.955555555556,45
46718.823307078994,34857.0,1
46724.64661415798,46213.0,1
46735.9242454964,39648.81081081081,37
46738.48496061849,27410.666666666668,3
46740.96724239175,51093.54761904762,42
46752.32664916377,42680.0,1
46755.38796849479,56659.0,1
46770.31328082465,26835.0,1
46773.65664041232,32184.5,2
46776.3529296765,48634.74074074074,27
46786.38796849479,33382.333333333336,3
46793.28984374339,44611.71929824561,57
46797.03621855167,79408.90566037736,53
46800.97994749132,56384.0,1
46835.69512906499,46254.8125,32
46860.55142779544,39926.04347826087,46
46887.64661415798,38475.666666666664,3
46887.98496061849,37616.5,2
46888.31328082465,34997.0,2
46894.59965624271,40772.04651162791,43
46911.31328082465,39178.0,3
46914.46992123698,9563.0,1
46939.57927422082,40284.2,45
46956.823307078994,39074.5,2
46966.32418238311,42331.9,10
46974.126819898695,59292.079365079364,63
46996.98796849479,46891.0,1
47013.77624859352,53888.275862068964,29
47027.20317823804,32577.88888888889,9
47034.22322883524,43744.275,40
47059.306149807024,46053.57142857143,7
47070.19828121354,50541.57142857143,14
47082.88268913728,49568.434782608696,46
47085.18989044823,43682.27272727273,55
47095.23723669875,52866.97619047619,42
47107.40806200248,40547.84482758621,58
47117.38796849479,42247.0,1
47122.96992123698,9371.0,1
47126.23496061849,42846.25,4
47127.23734155576,71269.89743589744,39
47139.323307078994,56624.0,1
47146.68715819588,53637.23529411765,34
47152.96992123698,6927.0,1
47171.6841600166,54262.63829787234,47
47190.98796849479,41369.666666666664,3
47218.46992123698,29864.0,1
47231.31328082465,53631.0,1
47231.323307078994,45015.75,4
47248.66828309157,49739.07843137255,51
47251.97994749132,52500.0,1
47256.98796849479,48940.25,4
47272.88712401547,55260.95744680851,47
47282.97994749132,39404.0,1
47283.46992123698,21361.0,1
47305.53342249965,53099.09523809524,21
47307.23496061849,27186.0,2
47315.64661415798,39265.0,2
47321.64661415798,22840.0,1
47323.323307078994,25858.5,2
47336.69144555015,47241.53571428572,56
47339.834259499774,44443.0625,32
47404.46992123698,14829.0,1
47420.46992123698,41556.0,1
47438.60368006511,50130.42857142857,7
47464.96992123698,25526.5,2
47464.98796849479,38105.0,1
47497.46992123698,34271.0,1
47537.48496061849,43863.0,1
47539.98496061849,36849.0,1
47546.29048388755,64063.723076923074,65
47549.07095113074,46525.78787878788,33
47599.17917867936,43848.25490196078,51
47609.77391632476,58740.397260273974,73
47618.38796849479,54702.0,2
47637.213895081,42258.51063829787,47
47638.98997374566,48342.0,1
47641.39315374931,40141.625,8
47644.96992123698,39995.0,1
47645.96992123698,30897.0,1
47647.48997374566,55398.0,1
47665.57644094387,65785.25,8
47669.46992123698,16104.0,1
47687.46992123698,34201.0,1
47702.491284036165,47173.02631578947,38
47726.411443007884,49846.12244897959,49
47747.46992123698,41816.0,1
47748.46992123698,48781.0,1
47783.96992123698,10120.0,1
47787.98796849479,42936.0,1
47790.58796849479,43053.0,1
47805.73496061849,41796.0,2
47808.15664041232,40187.0,1
47809.74081138312,39230.5,42
47825.990635647606,77073.86153846154,65
47842.74662555707,49536.068181818184,44
47855.48496061849,43325.5,2
47873.323307078994,39796.0,1
47882.32690126083,54220.05128205128,39
47917.72847368629,49200.282608695656,46
47918.46992123698,28498.0,2
47921.78796849479,42314.0,1
47926.59596353047,50543.37037037037,27
47930.98496061849,39990.0,1
47955.761115951645,42261.551020408166,49
47962.46992123698,10280.0,1
47970.823307078994,37415.5,2
47975.78796849479,38194.0,1
47979.98496061849,42957.0,2
47980.58796849479,34912.0,1
47984.84045335207,58386.04347826087,23
47985.96992123698,54554.0,1
47994.323307078994,53317.0,1
47998.78796849479,34821.0,1
48001.21278602444,49010.725,40
48009.87982771345,41636.76666666667,30
48029.97994749132,49772.0,1
48042.46415214467,46755.32432432433,37
48066.362841276175,44875.64864864865,37
48075.95302203468,42083.31428571429,35
48077.96992123698,35495.0,2
48078.97994749132,45140.5,2
48086.53511810912,62302.25,8
48102.96992123698,36757.0,1
48114.31328082465,25603.0,2
48119.18796849479,47409.0,2
48127.96992123698,38340.0,1
48141.96992123698,15336.0,1
48166.5209315359,60484.119047619046,84
48169.46992123698,20486.0,1
48176.48496061849,52635.0,1
48179.96992123698,6831.0,1
48182.29121005593,66170.69117647059,68
48193.48496061849,42536.0,1
48197.53780877368,59706.52830188679,53
48199.98796849479,40923.0,1
48208.98496061849,12736.0,1
48213.11748030924,55096.0,1
48221.18899315073,45457.083333333336,48
48225.23496061849,41112.0,2
48230.64661415798,36561.0,1
48241.38674803093,50648.142857142855,14
48241.96992123698,14634.0,1
48252.31328082465,35680.0,1
48259.98796849479,40623.0,1
48272.46992123698,9771.0,1
48288.88491717199,44457.77272727273,44
48313.96992123698,8735.0,1
48314.56861978433,49358.75,48
48320.46992123698,34578.0,1
48325.42455876929,53453.36734693877,49
48331.6217432702,50503.03773584906,53
48333.45895257252,45084.6,55
48350.65664041232,33960.0,1
48352.15664041232,49347.0,1
48352.97994749132,43322.0,1
48370.96992123698,27421.0,2
48371.254081908126,52268.02631578947,38
48374.10385334622,53163.88,50
48374.14345210413,38028.32,25
48402.14704788913,39720.619047619046,21
48403.31616535395,40469.434782608696,23
48410.29287875641,54020.28571428572,49
48415.97414249936,34526.6,5
48422.98496061849,31976.0,2
48424.77218038613,48438.0,31
48427.68042441471,60175.24528301887,53
48428.64661415798,35967.0,1
48439.65203256334,52999.97297297297,37
48454.64661415798,24573.0,1
48456.15664041232,42004.0,1
48470.49521232884,49575.56,25
48473.57393462042,46162.666666666664,12
48481.58796849479,35261.333333333336,3
48482.31328082465,43396.0,1
48488.98496061849,49247.0,1
48489.23496061849,49812.25,4
48489.9914060677,56215.0,1
48492.72376583296,48895.48,25
48494.38796849479,39451.0,1
48500.48496061849,34748.0,2
48518.87965624271,48620.234042553195,47
48540.33756685799,49528.19512195122,82
48545.75469921237,52568.85964912281,57
48555.24248030924,43604.0,1
48563.98496061849,43413.0,2
48579.77999908944,43795.88636363636,44
48585.3370542483,46852.617021276594,47
48597.96992123698,38255.0,1
48599.83978555823,86734.67647058824,34
48602.46992123698,41929.0,1
48611.46992123698,38890.5,2
48612.96992123698,41202.0,1
48618.31328082465,38061.0,1
48633.05712843289,52943.0625,48
48636.23496061849,40442.5,2
48647.58796849479,29283.0,1
48655.89634795614,53318.44827586207,29
48656.90626287073,43846.34210526316,38
48657.18796849479,37207.333333333336,3
48658.78796849479,41871.0,2
48665.04887213009,72215.66666666667,42
48680.31328082465,35570.0,1
48691.31328082465,21820.0,1
48695.61748030924,42481.0,1
48699.43159670103,46128.756097560974,41
48699.98496061849,35572.0,1
48711.18796849479,34517.0,1
48712.46992123698,20016.0,1
48739.98496061849,39558.0,1
48744.97994749132,47645.25,4
48761.96992123698,7045.0,1
48769.63247561902,57553.692307692305,26
48769.96992123698,11696.0,1
48772.58564874944,28476.0,7
48790.43981506857,48250.878787878784,33
48821.98496061849,38685.75,4
48823.773983778,39729.692307692305,26
48841.36748030924,36360.0,2
48843.110843744325,58752.28395061728,81
48851.98496061849,38605.0,1
48856.58796849479,38593.666666666664,3
48860.98997374566,46703.0,1
48866.98496061849,53072.0,1
48869.98496061849,24957.0,1
48872.066019604456,110635.55384615385,65
48882.92188801374,47072.119047619046,42
48884.58796849479,41974.0,1
48891.53730466297,37168.0,10
48897.760118817205,45478.06976744186,43
48899.31328082465,48915.0,2
48908.2272030449,51868.260869565216,46
48910.92896008531,74063.33333333333,6
48912.33108481413,45520.6875,48
48921.96992123698,28843.0,1
48924.98796849479,35609.0,2
48925.63196446559,51456.74285714285,35
48935.30783202061,42417.8717948718,39
48951.85231496039,50868.653846153844,52
48952.98496061849,40010.333333333336,3
48967.98496061849,50665.0,1
48977.97994749132,35286.0,1
48985.86806519536,58065.480769230766,52
48987.66087345614,42080.43243243243,37
48994.31328082465,24098.0,1
48996.76970978497,62102.75,8
48997.64661415798,41912.0,1
49000.93424733643,48413.53488372093,43
49005.93403960845,43792.73684210526,38
49023.34730297803,52798.0625,32
49032.96992123698,13352.0,1
49033.97994749132,27902.0,1
49044.24717092158,43593.10526315789,38
49045.97994749132,37640.0,2
49046.63484177656,48121.89189189189,37
49056.15230365318,31188.0,7
49058.23496061849,36768.0,2
49062.44887616296,47763.73684210526,38
49062.96992123698,18299.0,1
49081.96992123698,28523.0,1
49082.42349606185,54456.61538461538,13
49084.41997749628,48605.0,2
49086.60357411823,66532.6052631579,76
49089.323307078994,39640.0,2
49094.31328082465,33154.0,1
49112.9645604823,53820.980769230766,52
49137.64661415798,41702.666666666664,3
49138.46992123698,39429.0,1
49143.32734374279,44484.391304347824,46
49163.23496061849,38708.0,3
49215.46992123698,56502.0,1
49233.98496061849,39602.0,2
49235.73496061849,45744.333333333336,3
49241.24161205632,44168.56,50
49243.83557247929,52779.0,25
49260.31328082465,41124.0,1
49260.998496061846,36628.0,5
49281.23178477663,46417.07142857143,28
49282.77449868728,43541.42857142857,21
49300.96992123698,31719.0,1
49325.98496061849,37326.0,1
49329.90936795021,59949.07692307692,26
49354.23496061849,26654.5,2
49363.727024142456,47303.9012345679,81
49367.58796849479,31206.0,1
49370.48496061849,40176.0,2
49380.71038158604,34624.3,10
49381.15664041232,40529.0,1
49387.55137840502,56470.42857142857,42
49392.12245521916,47635.38888888889,36
49419.73496061849,23085.0,1
49421.2804945659,51817.230769230766,26
49426.64661415798,39885.0,1
49438.03867642986,40894.01315789474,76
49439.78796849479,44144.0,1
49467.38796849479,46266.0,2
49491.823307078994,42918.0,1
49503.46992123698,19125.0,1
49508.45355159522,58457.982142857145,56
49512.38796849479,41224.0,1
49519.43512618557,44116.8125,16
49528.24477317725,59900.754385964916,57
49534.97994749132,39560.0,1
49540.01477307776,49631.634146341465,41
49547.48997374566,49180.0,2
49555.66641601031,49103.85393258427,89
49557.60738787987,39649.375,16
49571.98496061849,44054.5,2
49574.31328082465,38923.75,4
49579.48997374566,37937.0,1
49588.64661415798,39399.0,1
49592.46992123698,25116.0,1
49595.31328082465,23283.0,1
49598.55499854143,53912.666666666664,27
49608.98796849479,28095.0,1
49611.705691782,46759.5,2
49632.88233561655,43920.76470588235,17
49638.97994749132,42578.0,1
49642.96992123698,37881.0,1
49649.823307078994,41561.0,1
49657.797613233706,44237.59375,32
49659.90546873909,44009.12,25
49667.98796849479,42200.5,2
49687.46992123698,42989.0,1
49692.55950835302,54071.375,8
49701.27084656765,45678.645833333336,48
49711.12103955187,54997.634146341465,41
49728.26936382915,48443.192307692305,26
49728.77023436749,60280.31428571429,35
49744.64661415798,37153.0,1
49775.21108481414,51798.875,48
49777.96992123698,31696.0,1
49779.38796849479,52205.0,1
49782.73496061849,45652.5,2
49784.98796849479,42418.0,1
49789.98496061849,35358.0,1
49808.44666538596,56478.07407407407,27
49830.48997374566,40477.0,1
49835.86748030924,42114.0,1
49837.46992123698,18762.0,1
49844.9519035117,47877.730769230766,26
49845.05401253384,80258.5,42
49861.28539599192,48423.07843137255,51
49863.48997374566,42102.0,1
49866.96992123698,51632.0,1
49881.80777698219,48018.142857142855,42
49882.27525540047,44932.25,40
49882.46992123698,21632.0,1
49886.58796849479,33781.0,1
49890.73496061849,29142.0,2
49910.34553360046,61189.61224489796,49
49916.97994749132,38629.0,2
49945.64661415798,28410.0,3
49953.79465740667,57882.560975609755,41
49955.96992123698,4599.0,1
49977.023451443296,53451.891304347824,46
49982.73496061849,41641.5,2
49982.97994749132,41546.0,1
50007.31328082465,42956.0,1
50008.41741427336,65210.63636363636,11
50025.97994749132,45247.0,1
50039.58796849479,40238.0,1
50055.13824702535,62532.40540540541,37
50059.18796849479,36884.0,2
50064.98496061849,36030.0,2
50070.264335451495,55918.192307692305,26
50071.823307078994,36385.0,1
50074.578313721766,57175.12195121951,41
50108.96992123698,25971.0,1
50111.46992123698,42595.0,1
50125.68045096532,51744.77777777778,9
50135.98997374566,31925.0,1
50144.48496061849,43950.0,1
50153.44291806743,50490.02631578947,38
50158.98496061849,34840.0,2
50164.48496061849,49042.0,2
50166.705691782,40439.5,2
50168.88982567904,52792.558139534885,43
50176.46992123698,17650.666666666668,3
50190.12312007731,64950.625,8
50193.97994749132,48624.0,1
50199.377557223685,52974.97727272727,44
50204.08119479605,47425.16071428572,56
50210.797936513336,58525.903614457835,83
50235.24962401546,45176.31914893617,47
50239.75463030424,51267.0,8
50242.20082747026,43947.23684210526,38
50242.98997374566,25375.5,2
50244.56077690263,50069.46511627907,43
50257.19847861096,52580.13953488372,43
50260.1148682852,62562.509803921566,51
50262.39381289184,62786.9587628866,97
50264.01670365042,56069.48837209302,43
50265.79461471143,51815.983606557376,61
50265.86747079642,57528.38888888889,18
50285.49036220431,62740.290322580644,31
50289.38796849479,47295.0,1
50290.97994749132,14647.0,1
50294.78796849479,44197.5,2
50295.752233440864,73985.53846153847,13
50309.97994749132,32539.75,4
50310.31328082465,24343.0,1
50312.98496061849,41951.0,1
50314.3931138933,40215.92307692308,39
50318.96992123698,12139.0,1
50397.49199919217,45074.70212765958,47
50400.62150646178,44605.232142857145,56
50406.823307078994,38842.0,1
50407.46816005049,52821.763636363634,55
50443.64661415798,41647.0,1
50470.56283463914,42351.0,1
50490.97994749132,33625.0,1
50491.69514674164,37804.769230769234,13
50504.24566760681,49339.4081632653,49
50508.46992123698,30235.0,1
50518.98496061849,44446.0,3
50519.96992123698,29281.0,1
50536.26670709611,51144.70909090909,55
50540.97994749132,56400.0,1
50541.46992123698,15125.0,1
50542.31328082465,53407.0,1
50555.885867320205,56368.94285714286,35
50564.77349606185,36938.666666666664,9
50566.07512472667,52709.16129032258,31
50582.97994749132,50569.0,1
50584.46992123698,35811.0,1
50586.34216895754,83737.81818181818,11
50590.40783202062,52683.26666666667,30
50596.57865953337,44393.5625,48
50612.31477335562,49763.291666666664,24
50619.21969921237,45293.54385964912,57
50627.40298107433,58014.294117647056,34
50633.73496061849,41712.0,1
50658.0910744219,54955.74418604651,43
50675.14416093916,50755.767441860466,43
50686.77140212696,69069.62068965517,29
50708.23496061849,42508.0,1
50713.52253727144,47983.61538461538,39
50715.96992123698,53507.0,1
50723.840522170365,68651.0,11
50723.9576628153,70257.69620253165,79
50741.97994749132,46010.5,2
50752.78217507311,49876.0,56
50763.48496061849,41193.0,1
50764.77749927071,60002.0,74
50765.01672277995,46402.6129032258,31
50785.64661415798,36548.0,1
50806.08512483655,42688.62790697674,43
50818.89849606185,59651.0,3
50825.84147202604,55803.57142857143,14
50826.10430140973,50163.818181818184,44
50826.48496061849,48898.0,2
50849.23496061849,43140.0,2
50895.64661415798,33700.0,1
50898.028267716094,48996.48387096774,31
50902.5411383564,53765.0,8
50908.2017701579,63958.05263157895,19
50911.31328082465,38367.75,4
50929.46992123698,43396.0,1
50933.864830575694,53319.098039215685,51
50938.67821334806,56107.29787234042,47
50958.31328082465,40987.0,1
50960.11426100388,44234.666666666664,33
50979.18796849479,31501.0,1
50991.85165080412,45723.75,32
51007.90999536688,38119.181818181816,11
51008.979598949816,47924.46296296296,54
51021.98496061849,35029.333333333336,3
51035.39849606185,34847.0,9
51037.134263210566,41770.5,2
51054.48496061849,53832.0,1
51054.716332458185,39996.688888888886,45
51055.97994749132,41559.0,1
51056.546161874845,49624.22727272727,44
51060.46992123698,10526.0,1
51070.321760072766,64883.0,6
51079.96992123698,34779.0,1
51089.38796849479,32733.0,3
51096.32236096436,41442.08,25
51097.46992123698,16258.0,1
51101.04973955062,47702.5,10
51115.96992123698,35840.0,1
51117.867070952896,57129.617647058825,34
51145.06880404072,53108.83720930233,43
51146.35487473119,56478.121212121216,33
51148.31328082465,38050.0,1
51183.46992123698,39504.0,1
51186.46992123698,54813.0,1
51197.462405948834,40620.91176470588,34
51243.54868723339,57396.03846153846,26
51269.31328082465,56249.0,1
51301.42978409933,46907.73333333333,30
51301.54116535395,51653.58823529412,17
51307.97994749132,39054.0,1
51319.98496061849,52100.0,1
51340.00839758647,47866.078125,64
51343.48496061849,41706.0,2
51344.18796849479,42021.0,2
51345.22583826623,90388.93617021276,47
51351.08440588968,48103.846153846156,39
51372.50469921237,44095.11111111111,36
51403.90383489714,55845.31707317073,82
51449.06489044823,51530.53333333333,45
51452.96992123698,17344.0,1
51455.97994749132,38582.0,1
51465.07397311124,55612.246913580246,81
51465.98796849479,41065.0,2
51472.96992123698,41076.0,2
51495.41457363018,45433.0625,48
51504.58796849479,32913.0,1
51530.25336508524,77293.43965517242,116
51532.765442040974,51521.8085106383,47
51537.46992123698,20621.0,1
51543.03193463696,51127.86046511628,43
51547.46992123698,22998.0,1
51558.05025216755,51436.8085106383,47
51563.09871209145,60334.556962025315,79
51566.48496061849,40271.0,1
51574.48496061849,42242.0,2
51576.473332412126,57147.54054054054,37
51579.54410573637,50295.48,25
51596.33082676975,67542.75,4
51609.45895257253,47097.619047619046,42
51619.31328082465,37757.0,2
51653.11226914714,44277.333333333336,9
51660.59786756126,54684.1875,32
51663.97994749132,40076.0,1
51685.36399814675,60763.77777777778,18
51712.97994749132,39117.0,1
51719.23496061849,41663.0,1
51733.97994749132,33910.0,3
51734.98264889946,46180.08196721312,61
51755.44729002577,59297.04761904762,21
51760.96992123698,26054.0,1
51775.64661415798,43139.0,1
51791.02164748612,43196.14634146341,41
51795.96992123698,25674.0,1
51795.98796849479,41151.5,2
51819.12017105581,54156.0,32
51825.64661415798,47679.0,1
51861.97994749132,18803.0,1
51863.235283272144,40553.125,32
51893.48496061849,26331.5,2
51907.88380035103,59774.95,20
51912.97994749132,27318.5,2
51920.48496061849,38485.0,1
51930.3618134083,49800.7,10
51939.78796849479,43898.5,2
51944.40437007731,41959.0,6
51949.46992123698,27320.0,1
51949.96435201456,46384.739130434784,46
51960.97994749132,45153.333333333336,3
51963.97994749132,40895.0,1
51979.31328082465,37002.0,1
51989.81573413584,55279.94736842105,38
52001.18796849479,41096.0,1
52023.46992123698,53413.0,1
52041.775516336056,48937.46666666667,45
52043.61055409698,48744.34482758621,29
52049.96992123698,32839.0,1
52060.46992123698,23937.0,1
52063.01197433626,52085.52830188679,53
52068.56251089523,69503.36111111111,72
52083.46992123698,38731.0,1
52083.58796849479,40684.0,1
52085.08101880075,65778.24324324324,37
52113.98496061849,23258.0,1
52123.70584981644,63885.0,9
52125.52409706946,46144.03571428572,28
52140.31328082465,23590.0,1
52142.31328082465,40539.0,3
52143.11059694422,46987.969696969696,33
52150.61814937846,44704.14634146341,41
52154.06539370048,61917.825,40
52182.7541494573,55570.885714285716,35
52196.47057721053,52627.69696969697,33
52198.96992123698,36954.0,1
52221.45728724561,51356.39473684211,38
52228.48496061849,36084.0,2
52228.6032917224,48736.85365853659,41
52235.46992123698,35150.0,2
52247.46992123698,36761.0,1
52255.98707124968,57238.71428571428,21
52270.27771952499,67633.52631578948,19
52284.8469921237,57848.25,8
52288.876232743336,79803.20408163265,49
52303.46992123698,38806.5,2
52324.39148542212,83735.16666666667,48
52353.45278886597,48143.82608695652,23
52382.4197623815,48096.52,50
52384.96992123698,11848.0,1
52386.88987708825,48007.78947368421,38
52397.227443569296,46819.333333333336,39
52565.96992123698,26738.0,2
52567.32771203535,59992.64705882353,17
52567.480480011895,53337.85526315789,76
52580.46992123698,32911.0,1
52587.37424803092,62307.11538461538,26
52610.72421873829,41450.653846153844,26
52640.31328082465,41285.0,1
52642.46992123698,4574.5,2
52665.023656615536,55641.52380952381,21
52708.35022897973,79980.6603773585,53
52709.96992123698,39629.0,1
52727.473332412126,45508.94117647059,34
52739.98496061849,35458.0,2
52740.46992123698,19417.0,2
52768.28825792275,53266.92682926829,41
52775.23496061849,33427.0,1
52800.51410313568,55379.11111111111,36
52804.144874206686,64712.125,8
52810.98251338556,57158.833333333336,48
52827.35652900484,47620.89743589744,39
52836.4149718168,46009.52173913043,46
52852.653069625776,49637.03703703704,27
52852.768346456505,58655.705882352944,102
52857.31328082465,19218.333333333332,3
52893.578703815685,65040.056603773584,53
52897.96992123698,54862.0,1
52897.98496061849,31490.0,2
52926.254081908126,54590.0,40
52953.3656692911,52446.1875,48
52977.406277238064,65239.333333333336,21
52989.64661415798,37830.5,2
53023.77971519485,35378.0,2
53038.96992123698,26885.0,1
53040.96992123698,35174.0,1
53043.96992123698,48379.5,2
53051.65258730867,50401.44736842105,38
53056.48496061849,33941.0,1
53076.64661415798,39976.0,1
53131.46992123698,16361.0,1
53137.46992123698,35077.0,1
53161.46992123698,43308.5,2
53186.73999879751,60781.117647058825,34
53207.27759369896,53261.5,10
53211.93412872254,66534.07142857143,14
53229.65404574374,64724.782608695656,23
53229.96992123698,10090.0,1
53238.48872172844,52580.13043478261,23
53244.67435331327,49922.65454545455,55
53249.38796849479,43132.666666666664,3
53258.02387783318,49917.72093023256,43
53267.99952631869,59068.25806451613,31
53270.82488188923,52660.32258064516,31
53289.836120841566,52176.68421052631,19
53304.38796849479,40487.0,2
53305.64661415798,43239.0,1
53306.48758941249,53006.04651162791,43
53323.96992123698,55899.0,1
53357.331510378,56309.555555555555,9
53359.97994749132,33782.0,1
53379.10351873979,65098.25,24
53383.46992123698,43153.0,1
53410.77170902836,50654.91836734694,49
53412.97994749132,42917.0,1
53441.46992123698,42528.0,1
53475.11813425825,47798.2,30
53479.31328082465,21173.0,1
53485.96992123698,48385.0,1
53489.46992123698,38099.0,1
53501.96992123698,15900.0,1
53506.31328082465,41342.0,2
53518.82027477568,56253.234042553195,47
53544.584152634416,61946.04878048781,41
53600.96992123698,29965.0,1
53606.69901743849,51961.84782608696,46
53609.46992123698,20807.0,1
53626.99231769908,49186.88888888889,36
53645.97994749132,33318.0,1
53650.05507811487,46163.57142857143,28
53690.96992123698,38267.0,2
53709.96992123698,37658.0,1
53711.28879423177,51443.32558139535,43
53712.11367794028,57364.09090909091,44
53713.46992123698,18029.0,2
53743.24151276476,54882.57142857143,21
53746.84277956266,70731.95833333333,72
53752.64661415798,48061.0,2
53753.13183817513,53724.510204081635,49
53785.93603049583,56847.625,32
53787.30237752689,53549.86842105263,38
53787.96992123698,27875.0,1
53817.15203256334,48953.434782608696,23
53830.46992123698,26935.0,1
53874.39070865978,63594.333333333336,48
53888.609851782894,48484.26315789474,38
53891.97134709389,55233.38461538462,13
53927.7411383564,41606.78571428572,14
53929.85753479845,59824.69565217391,46
53945.537593939705,43007.97727272727,44
53945.96992123698,39882.0,1
53951.46992123698,42523.5,2
53978.58626561649,44769.375,24
54018.2521820974,48321.717948717946,39
54025.96992123698,34846.0,1
54034.9236978694,51288.153846153844,13
54062.93199649943,61363.0,15
54108.94184880042,43664.142857142855,42
54122.73496061849,41559.0,1
54136.70107682362,69627.66666666667,9
54153.31328082465,42574.0,1
54155.925122665074,55223.91891891892,37
54157.80077261035,51975.80952380953,42
54180.35630472913,54223.28571428572,35
54186.62041939446,48456.0,22
54188.18197834622,76562.06451612903,62
54193.44849606186,38730.38461538462,13
54217.33170059117,58397.627118644064,59
54226.46992123698,27401.0,2
54232.96992123698,40398.0,1
54234.913900517975,43053.40740740741,27
54239.346954238754,53170.72222222222,18
54240.73879684948,70886.96153846153,52
54241.62729812025,55478.52380952381,21
54252.818608923255,52892.333333333336,15
54254.46992123698,33104.5,2
54256.89070865978,49086.28571428572,7
54270.46992123698,17699.0,1
54278.36415187489,57845.984375,64
54279.88661163285,56178.41463414634,41
54288.342358665584,51604.91111111111,45
54299.96992123698,39900.0,1
54306.27090431739,35345.0,2
54319.82706760753,64294.22222222222,27
54353.32920365042,54496.262295081964,61
54374.96992123698,28956.0,1
54379.69179352542,62486.833333333336,30
54385.73496061849,39837.0,1
54390.11788963069,121086.0,6
54404.96992123698,45564.0,1
54406.02493571186,90769.11538461539,52
54412.46992123698,33046.0,1
54414.76181708024,83028.75,56
54461.25601367428,59558.34210526316,76
54474.96992123698,36099.0,1
54477.96992123698,9957.0,1
54480.01577107702,41718.72,25
54502.96992123698,12666.0,1
54504.48496061849,33350.0,3
54507.46992123698,41459.0,1
54513.46992123698,24011.0,1
54550.63699400245,53686.02272727273,44
54601.46992123698,38571.0,1
54610.46992123698,39279.0,1
54614.92896008531,36682.444444444445,9
54617.631507947866,60583.53125,32
54624.44513300641,49780.916666666664,24
54649.93512618557,61067.38461538462,13
54650.777473951886,53066.769230769234,39
54651.742426419776,56330.92156862745,51
54657.96992123698,25969.0,1
54663.80341079205,52313.444444444445,9
54667.96992123698,31739.0,2
54675.88445929837,59394.875,32
54681.49841690721,47420.25,4
54685.46992123698,16634.0,1
54698.46992123698,42835.5,2
54702.25851657375,58810.692307692305,26
54710.03425949977,57149.76470588235,34
54725.916109652535,60761.28571428572,35
54729.96992123698,40139.0,2
54751.64205965136,67229.5076923077,65
54758.73496061849,54111.0,2
54758.74042244695,52938.666666666664,48
54769.1287040291,59299.318181818184,22
54777.46992123698,41644.0,1
54802.23425949977,52823.357142857145,28
54821.31328082465,40438.5,2
54834.29194929846,47171.04761904762,21
54859.46992123698,39145.0,1
54870.96992123698,41440.0,1
54903.97994749132,46669.0,2
54929.46992123698,34143.0,2
54933.96992123698,16984.0,2
54941.90437007731,71078.3,20
54951.10825972807,53732.148148148146,27
54958.66815131779,58805.75,48
54965.58389390776,45132.86538461538,52
54967.91358776303,55059.208333333336,48
54979.825136169486,59839.34482758621,29
54984.964746468766,81950.78021978022,91
54988.90635647609,49787.833333333336,6
54988.96992123698,52736.0,1
55006.64661415798,38995.333333333336,3
55022.54726096711,42256.2,40
55035.46992123698,42564.0,1
55039.45646614158,97098.62857142858,105
55046.549792703554,59636.0,11
55047.07773776064,60385.95,20
55052.97994749132,23684.0,1
55055.46992123698,22383.0,1
55065.46992123698,17091.0,1
55069.36970978497,39652.2,5
55069.98855468041,60052.03448275862,58
55096.66855063775,58245.13513513513,37
55100.64661415798,39732.0,1
55134.062529651565,46387.36842105263,19
55136.96992123698,30540.0,2
55142.71213723121,76898.8,10
55145.21477575973,48028.6,5
55151.31328082465,42569.0,1
55151.46992123698,18924.0,1
55158.31328082465,29252.0,1
55160.96992123698,47004.0,1
55172.51146149358,45850.380952380954,21
55187.30730668252,58604.04255319149,47
55189.03425949977,59071.5625,32
55189.91938174367,59093.73170731707,41
55195.94222964918,56779.43037974684,79
55209.66636284078,61602.55,40
55228.96992123698,28865.5,2
55245.18473957388,52530.7,30
55248.86673308647,52993.78,50
55261.46992123698,27905.0,1
55266.75127411056,63891.45283018868,53
55288.638331874754,58565.63333333333,30
55299.96992123698,9992.0,1
55308.766464981,61164.8,55
55323.63948314037,50401.36363636364,11
55327.18225130245,56417.05,20
55346.71687007731,73805.30769230769,13
55355.47564532496,60407.833333333336,12
55359.97994749132,36767.0,1
55380.46992123698,40421.0,1
55383.95270880817,64018.57746478873,71
55389.96992123698,39694.0,1
55399.94337401546,58947.205882352944,34
55414.98099281039,47816.74193548387,31
55438.05764397008,58437.333333333336,9
55438.46992123698,25520.0,1
55447.054720034364,47160.0,15
55449.46992123698,14042.0,1
55479.87354206672,54036.454545454544,22
55482.46992123698,40234.0,1
55488.538607325856,50004.607142857145,28
55489.79367531231,55827.77142857143,35
55497.999590765125,56739.45714285714,35
55516.64661415798,42549.0,1
55524.556740522654,46354.42857142857,7
55533.31328082465,30187.0,1
55538.96992123698,42139.0,1
55545.64661415798,29266.0,2
55546.34997154755,49239.20909090909,110
55551.70051743472,54138.47619047619,21
55566.713624642565,86695.69565217392,23
55568.46992123698,26174.0,1
55584.305287954325,47982.27272727273,22
55596.61343831997,56449.09302325582,43
55607.83676911207,68556.75,4
55621.60129483772,50690.8,35
55623.61557956365,54402.47619047619,21
55624.96992123698,27884.0,1
55626.03577238388,53010.87301587302,63
55640.32309637288,55305.4,20
55643.46992123698,127678.0,2
55649.80480417191,48264.76315789474,38
55655.46992123698,20188.333333333332,3
55676.96992123698,44154.0,1
55683.46992123698,46090.0,1
55696.46992123698,15962.0,1
55700.56953123807,59257.882352941175,51
55725.340729786265,52806.9375,16
55729.96992123698,41757.0,1
55736.7414277059,52801.868131868134,91
55744.34364857008,54762.625,72
55748.06996435956,54747.875,72
55752.46992123698,43225.0,1
55754.616120010665,61458.47142857143,70
55762.96992123698,52394.0,1
55770.12733958763,55688.34090909091,44
55774.09799474913,41422.0,13
55776.46992123698,42329.0,1
55796.31328082465,42668.0,1
55824.96992123698,42232.0,1
55834.23608001672,56624.54347826087,46
55838.02177661092,67139.85915492958,71
55855.48302552952,40351.142857142855,7
55869.191099724754,51134.895833333336,48
55880.66174803092,53912.22222222222,27
55881.16416010308,41833.75,4
55901.82781167955,57879.67391304348,46
55922.68784861545,64965.63333333333,30
55924.46992123698,37562.0,1
55931.967874014364,46869.22222222222,9
55934.96992123698,48614.5,2
55942.46992123698,40750.0,1
55946.31328082465,33735.5,2
55946.32174390922,54790.454545454544,33
55957.96992123698,30902.0,1
55978.37408789396,76557.70149253731,67
55993.46992123698,53914.0,1
56001.02854958314,75049.2,50
56001.27204366448,52524.78947368421,19
56017.38086217607,54829.558139534885,43
56021.62855588904,68811.95774647887,71
56027.29234830806,45331.25,8
56034.21047511887,65235.98181818182,55
56037.06098570956,51518.92,25
56042.87431639175,49733.444444444445,18
56061.96992123698,11726.0,1
56066.31328082465,27126.0,1
56071.92818079529,55827.975,40
56077.46992123698,43042.0,1
56079.31328082465,41819.0,1
56080.62695554332,55733.78787878788,33
56087.38307288395,63185.57142857143,7
56094.53249896364,60937.805555555555,36
56096.64661415798,39733.0,1
56102.96992123698,19471.0,1
56108.402982555104,54499.01960784314,51
56134.45819430432,49004.3125,32
56136.51777583301,65310.0,17
56154.96992123698,30054.0,1
56165.46992123698,55749.0,1
56177.30537855669,44687.444444444445,9
56181.46992123698,42834.0,1
56191.65706932864,47351.125,8
56209.10205650697,53667.47826086957,23
56214.75187966869,50872.5,66
56214.95261639244,53577.545454545456,33
56217.82594911135,56122.13636363636,22
56222.70292165513,58732.686274509804,51
56229.96992123698,43003.0,2
56236.96992123698,37446.0,1
56259.71350444771,51755.21428571428,14
56272.96992123698,42184.0,1
56284.10058757342,71446.13513513513,74
56286.32181687995,54860.92307692308,26
56314.53049285478,54650.14634146341,41
56321.46992123698,37869.0,2
56355.1393287289,58901.510204081635,49
56356.71378018885,54663.57142857143,28
56358.22586456632,51631.391304347824,23
56358.46992123698,32538.0,1
56412.00502589558,53022.8,45
56436.46992123698,19785.0,1
56452.08981911024,57828.645833333336,48
56453.89799474913,60890.6,5
56471.70021306136,62200.619047619046,42
56512.00810209029,50889.48484848485,33
56516.894209144506,51194.857142857145,35
56532.44221638792,35236.27272727273,11
56546.23674803092,49482.77777777778,18
56553.61979947491,50244.929824561405,57
56577.52741396038,49482.38888888889,18
56589.63937790357,53635.19047619047,42
56627.255464200425,52378.12903225807,31
56632.95802001288,54828.0,46
56645.776999283975,56921.36,50
56651.46992123698,14230.0,1
56696.81088830546,62460.625,96
56737.46992123698,42033.0,1
56786.02409706946,46340.47222222222,36
56795.46174803093,66994.47619047618,21
56800.87099323084,58614.22222222222,45
56822.00610287321,52940.175,40
56826.239012975166,49353.724137931036,29
56831.09663184936,62488.357142857145,42
56841.41457363018,57188.95,40
56849.0728425915,59650.885714285716,35
56874.18341897992,41568.77272727273,22
56902.38570106348,60787.95714285714,70
56928.46776511954,56779.8,40
56980.92867117233,59531.77419354839,31
56991.60666357793,49633.88888888889,9
57000.698276758245,55655.62295081967,61
57021.96776511954,81574.22857142857,70
57030.74832895761,48427.692307692305,13
57087.88078740097,59938.59090909091,22
57097.08127129522,38570.12903225807,31
57107.45399856794,50252.52,25
57128.19151873979,60174.0,19
57133.46992123698,15096.0,1
57153.53144417615,57279.72093023256,43
57160.4274435693,55934.729166666664,48
57178.65249927071,61511.09756097561,82
57180.85129483772,50466.7037037037,27
57189.97547431517,46500.77272727273,22
57209.963332191845,48654.818181818184,33
57237.808534028496,55928.83870967742,31
57248.58423595317,58807.57692307692,26
57258.40729783163,54688.38983050847,59
57277.46992123698,16412.0,1
57289.06599824971,47290.882352941175,17
57298.38168450828,55492.64,50
57319.3740098528,59699.666666666664,51
57330.43755713352,41514.875,8
57333.63948314037,56242.142857142855,7
57353.96992123698,30844.0,2
57366.96992123698,14971.0,1
57417.83759369896,71617.25,4
57433.17486273613,58636.375,24
57440.10382471716,48805.65217391304,23
57442.46992123698,39489.0,1
57468.69914060678,82881.38095238095,21
57468.91547285512,57783.07692307692,39
57490.74739363424,49818.541666666664,24
57522.41895127718,88255.05128205128,78
57530.06902668384,74544.02127659574,47
57543.17218038612,48335.36,25
57584.693660341385,57274.67391304348,46
57589.86034645629,48056.86956521739,23
57650.49054449984,64185.333333333336,39
57662.31408705958,53511.10344827586,29
57702.18905284969,43687.80701754386,57
57705.46992123698,42046.0,1
57718.68103587018,61687.882352941175,34
57727.836120841566,67089.84905660378,53
57765.54670495573,55009.69565217391,46
57769.36159412561,66296.84782608696,46
57781.73030648057,60968.846153846156,39
57799.96992123698,22518.0,1
57829.4367220272,59419.32142857143,84
57850.2414277059,57761.82142857143,56
57881.95818051631,72676.78260869565,23
57885.96992123698,33762.5,2
57909.57593131341,56204.596153846156,52
57975.72544977194,76966.33333333333,6
57985.97994749132,55562.0,1
58009.00417707766,64480.66129032258,62
58044.27299010661,48194.96666666667,30
58083.85879684948,95741.16666666667,6
58162.46992123698,41001.0,1
58186.731996499424,48991.6,15
58202.60456692885,61588.97619047619,42
58205.9415473708,66491.55263157895,38
58292.00522134708,54695.36734693877,49
58294.4093429711,62556.46666666667,30
58350.96992123698,22490.0,1
58369.19210864655,49258.882352941175,34
58373.97994749132,54398.0,1
58377.51617800533,42464.555555555555,18
58430.62740157311,72144.0,2
58477.52672584067,60859.142857142855,42
58481.2359990453,52964.41176470588,51
58484.60683593099,54771.97619047619,42
58512.747493436415,66743.3,10
58517.21857894955,66329.78333333334,60
58533.11682649982,61727.828571428574,35
58575.71682649982,61551.34285714286,35
58603.941416010304,70949.04166666667,48
58634.23085936814,64560.34090909091,44
58636.59170948996,50204.666666666664,36
58643.947329018185,46694.085106382976,47
58668.46992123698,34430.5,2
58668.49949019046,67849.88888888889,27
58716.66635334622,54126.217391304344,46
58732.58473957388,57662.08823529412,34
58813.86090193063,61144.28571428572,7
58816.99933158304,59726.454545454544,11
58852.96992123698,37651.0,1
58873.73017869745,59017.45945945946,37
58879.816358862845,52821.0,13
58899.798724718006,71077.57534246576,73
58916.04890933143,68612.70909090909,55
58922.00602463124,63696.40540540541,37
58939.79410054453,58835.52173913043,23
58971.27242344684,61951.33928571428,56
58979.88127129521,71321.46666666666,30
59015.9287040291,49305.692307692305,13
59045.28493301914,52897.19047619047,21
59050.96992123698,26176.0,1
59052.90770497682,70666.58064516129,31
59089.96992123698,55894.0,1
59096.14592009163,50309.25,8
59102.86529345577,60884.5918367347,49
59130.08144155036,61881.086956521736,46
59130.15173798894,55788.67741935484,31
59135.604867384696,56984.90666666667,75
59154.31077690263,70464.55421686747,83
59156.282407552215,62763.38461538462,39
59178.9646614158,44540.2,5
59180.97994749132,47801.5,2
59213.39264822627,64715.40740740741,27
59240.675826204846,55165.2,30
59259.43951873979,58562.2962962963,27
59376.37723594738,84008.88,50
59407.06250816193,47555.7875,80
59438.25737922478,65409.13559322034,59
59450.06837401546,56898.818181818184,44
59464.98788142632,60436.230769230766,39
59503.865145277625,60286.84210526316,38
59509.94846600346,58021.232558139534,43
59588.27422424277,57532.65789473684,38
59597.23160573637,50295.0,32
59601.0391125245,59736.78431372549,51
59628.29503874989,61747.882978723406,94
59639.71480912958,66045.75757575757,33
59639.77592001628,56518.92857142857,28
59646.22459254772,65806.80555555556,72
59660.748328957605,75736.66666666667,3
59666.00776729317,63584.32432432433,37
59693.53742304904,55453.25,20
59699.05116678537,56403.916666666664,24
59727.03772085432,57890.38,50
59760.31328082465,50239.0,1
59767.921477575976,61055.3875,80
59797.31215819588,59672.12962962963,54
59808.22541833854,59955.92105263158,38
59816.04962401546,71359.64864864865,37
59837.30538778484,64664.78666666667,75
59936.21616535394,56133.3125,32
59944.96992123698,41214.0,2
59963.16053628309,45674.444444444445,9
60008.85504992241,66556.66666666667,36
60027.35863924732,67802.7,30
60084.1847570153,56845.28333333333,60
60139.246086195526,57377.936170212764,47
60157.9106654998,63082.13043478261,23
60160.82405334448,56832.67692307692,65
60194.99956721204,65052.28947368421,38
60245.02041557273,65079.27272727273,66
60267.62262209002,57822.27659574468,47
60290.06876801903,61946.357142857145,28
60291.94016815656,60754.851851851854,27
60340.62159125609,56926.83018867925,53
60365.37723594738,62487.555555555555,9
60378.13751615499,71286.40677966102,59
60407.852391671615,52904.365853658535,41
60417.04973955062,62383.166666666664,6
60420.541525515066,61573.70731707317,41
60428.87033906445,62262.76,25
60429.18473957388,61666.83783783784,37
60443.46992123698,22679.0,1
60476.46992123698,30413.0,1
60485.52439604591,65647.725,40
60501.33674803093,52876.857142857145,21
60509.302785594045,59682.391304347824,23
60515.95559649354,63078.362068965514,58
60521.43299912485,64506.05405405405,37
60570.31328082465,27761.0,2
60583.5882268511,78369.54347826086,46
60591.37630029092,74864.8717948718,39
60599.46992123698,26168.0,2
60609.55197582833,55168.05405405405,37
60645.29939842474,68577.5,18
60661.45812445304,52248.66336633663,101
60695.42406885159,76494.4268292683,82
60700.94766131476,60936.18918918919,37
60706.776545629305,60852.75,52
60719.96992123698,21185.0,1
60725.197994749135,62495.75,4
60746.51800964646,65034.24637681159,69
60752.481930402384,61458.75,8
60784.09482886037,63461.0,30
60841.182957128665,61289.57142857143,7
60857.46992123698,42205.0,1
60876.66391498233,59801.724137931036,29
60884.96992123698,39188.0,1
60889.20998874814,74792.28571428571,7
60892.37468667955,75299.21276595745,47
60915.525583392686,55579.717948717946,39
60919.91888100915,55374.041666666664,48
60925.73999879751,58923.51851851852,27
60953.48326694427,68365.78723404255,47
60992.86671218513,64010.21052631579,38
60998.60065653744,64305.8813559322,59
61028.46992123698,40657.0,1
61031.99966579152,62022.21621621621,37
61044.648496061855,57755.6,5
61051.4995822394,68949.94285714286,35
61068.594269418776,54420.71111111111,45
61071.87236268166,58681.769230769234,26
61080.78707825198,57198.51612903226,31
61148.21038158604,63269.294117647056,51
61152.19084938802,64609.125,24
61154.84643800804,86790.83333333333,12
61158.55916572901,65888.04545454546,44
61195.54100845171,58998.171428571426,70
61200.8384324538,65874.4756097561,82
61206.68211386994,58276.46341463415,41
61237.80756973149,74909.98701298701,77
61262.85542239385,55625.61538461538,26
61341.92424803092,65965.52173913043,23
61342.98092446735,63674.28,25
61352.08869027473,69650.66,50
61366.96992123698,34726.0,1
61371.72206353358,58391.8,5
61374.796992123695,54935.444444444445,9
61375.45327598717,55813.5,26
61401.01458528176,58289.179487179485,39
61413.96992123698,32111.0,1
61429.41790746715,53747.475,40
61461.00903694686,73383.3,30
61468.84082260279,66429.725,40
61511.88039630777,62202.46666666667,30
61563.02896942996,60159.0243902439,41
61581.28366770694,68768.96774193548,31
61592.61557956365,66329.17647058824,17
61595.730318915404,62212.90566037736,53
61599.66220762254,63938.102040816324,49
61617.46992123698,42666.0,1
61624.506713160525,116848.7358490566,53
61626.34220907444,66941.16176470589,68
61669.01999837602,62715.71428571428,21
61673.20752720491,59044.89743589744,39
61694.78788142632,65469.45,40
61701.60362310385,57358.23809523809,42
61715.4150693132,59300.08571428571,35
61736.11488005754,58339.333333333336,9
61745.27610673539,56414.88888888889,9
61756.23527912892,66304.0,14
61781.195036409576,67576.42307692308,52
61788.70084771221,55127.6,5
61790.005464200425,68583.0,45
61847.398496061855,62796.5,16
61848.127819238,49901.333333333336,6
61853.84478799284,61218.30508474576,59
61855.29610035995,66122.32786885246,61
61874.76522380607,73065.54545454546,22
61937.46992123698,26651.0,1
61955.92536891179,73161.69230769231,26
61976.77940382425,62763.931818181816,44
61980.42027477568,57872.84375,32
61984.136750469406,63490.04137931034,145
62005.46992123698,33491.5,2
62007.84995525319,55651.11475409836,61
62023.96687007731,54702.833333333336,6
62050.3393388796,60534.61666666667,60
62053.99086071098,56522.47619047619,42
62066.96992123698,33052.0,1
62088.83163725204,59553.5,40
62091.46992123698,36475.0,1
62094.96992123698,54869.0,2
62104.46992123698,34595.5,2
62107.61981335624,54657.22222222222,36
62129.93672856902,61374.07894736842,38
62169.89096168399,53304.0,49
62171.513286592286,59352.2,35
62243.58660405939,70457.91666666667,24
62280.0170921074,57075.97777777778,45
62288.65306728678,63061.44117647059,34
62305.729867384696,60897.86666666667,45
62320.382344706624,64294.02631578947,38
62341.46992123698,7909.0,1
62364.04071714089,66082.47826086957,46
62374.37805672304,77484.82692307692,52
62413.77114210702,75577.52702702703,74
62464.47180446162,67589.9268292683,41
62494.73144813387,62936.365853658535,41
62506.329398424736,67421.45454545454,33
62509.41173570596,60320.7,10
62534.96992123698,43010.0,1
62595.887932080856,69783.04347826086,69
62607.46992123698,48859.0,1
62609.96992123698,37327.0,1
62616.82403370591,57273.57692307692,26
62644.66822767128,59753.91891891892,37
62680.05628346391,65510.19047619047,21
62695.37469921237,59248.18571428571,70
62767.81999073376,77235.5,4
62788.484293512105,70100.05,40
62791.889996575526,48546.666666666664,6
62796.53126482578,58692.89743589744,39
62835.08630263559,58388.346153846156,26
62842.20716882059,61078.05882352941,51
62876.31682649982,61399.94117647059,34
62911.46992123698,29110.0,1
62942.91256692784,78139.33333333333,12
62945.43712401546,57827.16216216216,37
62993.1870822394,56306.72972972973,37
62996.55950835303,54258.90909090909,11
63000.2065834448,59930.666666666664,21
63012.52937007731,49430.5,6
63023.46992123698,56726.0,2
63073.78398274886,80202.33333333333,3
63188.92509218928,69287.97674418605,43
63198.69096701601,67947.5890410959,73
63207.03240836117,54199.3,10
63216.24377602749,57480.82142857143,28
63237.41307174567,63016.28947368421,38
63239.70587302429,60038.5,36
63241.3222572176,62507.2,55
63242.8384732413,52944.36363636364,22
63248.99777194348,52002.28571428572,7
63250.3348854686,62977.0,41
63279.25679909985,56752.48648648649,37
63296.77937007731,47914.5,6
63315.02999920441,65707.87804878049,41
63333.16417409312,89718.25,4
63346.55741389438,59147.5,32
63380.43806879363,52185.73684210526,19
63424.63460234113,75953.0,39
63500.772603718266,76476.2,30
63600.38345860797,71917.975,80
63655.03920814957,61179.35,40
63667.844996970656,41978.0,4
63725.51857674676,58671.705882352944,85
63725.8717281389,95646.13636363637,44
63769.999717570296,70378.8125,48
63784.02759688533,65871.37777777777,45
63797.06994509445,63480.38888888889,54
63809.260719301565,51548.681818181816,22
63849.54310526673,68341.59375,32
63881.67433640044,56875.77272727273,44
63883.30686652093,67057.13157894737,38
63961.01243488765,58208.11363636364,44
63975.07395961621,68444.54237288136,59
63999.71213723121,53000.454545454544,11
64009.26444309807,70659.35714285714,28
64025.88935635297,69500.0,18
64028.65662699113,64781.230769230766,52
64112.857653348605,64688.829268292684,41
64117.61175662105,60282.88461538462,52
64122.89036220431,52463.76666666667,30
64130.17865554085,92224.09302325582,43
64132.75983340888,71145.08333333333,24
64180.4381809758,59241.48148148148,54
64202.78886401337,64206.07692307692,39
64203.36133858247,63560.23611111111,72
64210.331045595776,64180.307692307695,52
64216.4268924392,56348.514285714286,35
64223.14869467375,65415.651162790695,43
64229.18689577573,88107.25396825396,63
64266.29410946303,64077.975,40
64268.83978555823,74235.39130434782,23
64290.2104572704,82202.27272727272,22
64334.958712529085,69265.70175438597,57
64383.03094571025,66044.8125,32
64396.78582371334,66539.70833333333,24
64402.32678915107,63545.07317073171,41
64457.99631889748,65783.19444444444,72
64473.379102905084,65757.32857142857,70
64474.50950903173,58720.583333333336,72
64485.84131371676,56431.0,27
64499.178677759184,60689.92592592593,27
64542.62107966193,66633.45833333333,24
64583.5939849365,65181.20238095238,84
64662.2693410689,58709.27272727273,33
64668.99860098777,84349.2,10
64694.145289484535,48269.36363636364,11
64712.30397417686,54369.07692307692,39
64720.49037309567,66191.65957446808,47
64780.79333249986,61085.22857142857,35
64801.74755781476,75963.98507462686,67
64812.13784458745,64302.98412698413,63
64890.75124080048,57430.8125,32
64901.67799931511,69234.5945945946,37
64914.32548031462,59548.9649122807,57
64938.77123359552,62683.78571428572,42
64954.27624859352,64719.782608695656,23
64958.63306774727,64192.307692307695,26
64965.75120918773,71123.0,38
64984.38684542769,60007.69565217391,23
64985.41356261484,67229.21794871795,78
65038.78894598661,66229.80645161291,31
65071.810141433525,67123.46428571429,56
65149.7492084536,54129.13333333333,15
65160.00994791012,66428.66666666667,72
65164.92073601302,58144.163265306124,49
65245.954412995256,63380.541666666664,24
65293.21703393957,62360.857142857145,70
65293.42027477568,73309.28846153847,52
65296.49017267499,66266.14285714286,14
65311.16397152379,57195.92307692308,39
65343.91729319102,71105.6052631579,38
65373.15919789965,53770.6875,16
65387.907549412994,67385.29411764706,34
65393.712405948834,68191.41666666667,24
65395.160122484405,72100.14634146342,41
65395.43080655336,55737.31578947369,19
65402.546992123695,67944.0,1
65465.31719478947,67773.04,25
65474.20202287187,68395.81818181818,55
65479.93224630603,71671.75609756098,41
65483.22672584067,57928.708333333336,24
65487.689293555966,82342.47872340426,94
65502.11962487818,69946.94318181818,88
65517.77052001288,56403.97872340425,47
65528.88058360218,70207.07692307692,13
65567.54049051208,71909.0,29
65567.6444729933,67361.53846153847,78
65588.36379406397,65445.21212121212,33
65606.67861724584,71233.21428571429,56
65607.557913144,58612.325,40
65646.10729516856,53265.05882352941,17
65669.84962401546,68432.02857142857,35
65684.5436255081,68459.73170731707,41
65739.50862181123,68707.10714285714,28
65759.49936002631,68143.13043478261,23
65837.49320411841,67478.15384615384,39
65902.38590789752,80009.52857142857,70
65932.4375116541,61812.88333333333,60
65959.2698638005,67475.11666666667,60
65960.44616853696,67321.86956521739,23
66010.98980617763,61235.1935483871,31
66045.92056408177,68398.41935483871,31
66113.27476404345,100692.58730158731,63
66115.21433718025,62704.875,48
66122.55652600284,57036.02702702703,37
66143.6520722102,69296.48717948717,39
66165.62533252551,62757.32075471698,53
66168.6969921237,82664.4,5
66181.21616535395,69124.35483870968,31
66194.7799992936,68737.26966292135,89
66226.74814276931,67088.09756097561,41
66228.07640891003,63164.1,60
66260.00499916209,65844.42857142857,35
66273.89224225454,62385.90566037736,53
66292.85912142521,61618.06451612903,31
66299.13689383576,61867.38461538462,13
66333.74197863835,58850.53846153846,26
66359.75431218112,80651.31578947368,19
66376.44330581643,67906.38888888889,54
66395.7216652081,63682.375,24
66396.53336462729,85596.13846153846,65
66410.1069408469,68299.26666666666,30
66437.13494024985,67339.9387755102,49
66437.93226758382,64825.46666666667,30
66493.9450264616,64826.1,40
66537.26948763941,57732.17391304348,46
66555.90587690804,67054.49122807017,57
66564.77260371827,64322.333333333336,30
66589.65495665945,64223.63333333333,30
66590.31328082464,65225.0,1
66639.13214539942,65332.191780821915,73
66650.00973457773,109928.02777777778,108
66705.52939569244,72954.15789473684,19
66735.6274435693,72403.94594594595,37
66749.36916178558,87362.45,80
66764.32634463916,54998.46666666667,30
66767.68674803092,71876.04545454546,22
66768.39097740475,65959.6,35
66785.43668769852,57926.25,56
66822.84978388243,55886.92682926829,41
66827.53591422329,66027.34328358209,67
66849.24018372661,61641.541666666664,24
66853.68448389378,65983.55555555556,54
66855.13686171551,80136.48717948717,39
66908.33294014688,77398.6170212766,47
66928.34867280089,71980.78947368421,19
66974.40315697354,74704.30769230769,39
67006.70586456632,71474.73333333334,15
67030.74849606186,85605.125,8
67047.13137630223,65368.083333333336,36
67067.08685954926,63252.882352941175,51
67072.95087225703,68127.46428571429,28
67084.38023621992,76275.4705882353,17
67117.81686819541,58299.9,30
67122.5262348653,81132.91666666667,24
67188.64232002207,67945.0,19
67199.33924429229,65123.34090909091,44
67224.92940455391,58437.46511627907,43
67227.31256692784,65643.16666666667,12
67232.05189439525,75546.91489361702,47
67272.96992123697,65225.0,2
67298.34305223262,58951.743589743586,39
67323.09570532471,69379.275,40
67327.09764602924,73762.17391304347,46
67353.38693550564,59950.67272727273,55
67370.4716652081,72963.16216216216,37
67378.41425364334,61526.69565217391,23
67393.33753603806,68682.28,25
67399.37215583316,73521.78260869565,46
67428.14090306482,72830.51282051283,39
67429.71321147276,58237.46666666667,15
67433.02237720178,80711.27272727272,11
67434.10586456631,69337.73333333334,15
67445.87879034327,73530.0294117647,34
67455.90081303763,68643.2,45
67477.2722301031,60218.857142857145,28
67485.22138670103,76580.88235294117,17
67486.13620886815,72687.96153846153,26
67570.45345168134,58328.1875,16
67582.139624696,47855.846153846156,26
67585.86694967278,91110.5,2
67600.52084753015,73833.69387755102,49
67616.28087401544,70652.96428571429,56
67627.98802233997,72581.91176470589,34
67662.32188801376,61916.717948717946,39
67675.08608467353,78465.82142857143,28
67689.43919789964,68061.06666666667,15
67690.89467614898,62627.03703703704,27
67702.11493014963,72689.6626506024,83
67736.68374015462,58441.6,5
67750.9098707851,70313.87037037036,54
67751.37710936082,106688.11538461539,26
67759.4391072769,70644.22448979592,49
67791.53891466146,118649.2,10
67793.38261535022,81878.0,28
67823.05311658574,60047.541666666664,24
67869.48960629877,126780.53333333334,45
67903.14994128597,66911.68181818182,44
67921.17119285428,75101.5,34
67954.2143548618,76562.95238095238,42
67955.4564187807,70250.34090909091,44
67962.82527592542,62045.35820895522,67
67982.12830317236,73185.88372093023,43
67987.43581674976,83651.9,30
67991.7263344253,61987.0,42
68000.30671316052,73830.02631578948,38
68061.05145669244,65206.34285714286,35
68074.96970031697,74495.35294117648,34
68083.49959353023,74495.47727272728,44
68113.94016815657,62035.030303030304,33
68156.08719160064,77337.64516129032,31
68191.35571053509,69111.09090909091,11
68212.20358570448,91831.75,12
68228.32176007277,83726.57142857143,7
68234.99924803093,70141.47619047618,21
68367.27450200277,57288.51351351351,37
68382.24414797121,77180.82608695653,46
68384.80918493173,88359.45454545454,11
68389.56999624938,53662.4,5
68399.22449610931,68657.56756756757,37
68409.95685639273,73344.21126760563,71
68415.22584757052,73644.1875,32
68445.62592156541,79851.21739130435,69
68455.43806879362,70055.74193548386,31
68461.38513878475,68113.0,31
68477.71152453375,73168.76744186046,43
68478.14783570911,72895.2,15
68496.83190101129,67944.72727272728,11
68546.49054449984,67909.33333333333,45
68563.04841367362,72024.13888888889,36
68570.37808773686,74179.5,4
68592.68399549926,84184.16666666667,6
68594.16499562428,74723.41666666667,12
68599.61337822396,72080.0,33
68603.88380035103,92328.64615384616,65
68607.90459246586,72255.06666666667,15
68631.39544398489,110461.70833333333,24
68645.98224002133,72425.31707317074,41
68693.82853466431,68361.94736842105,19
68694.80125984209,80056.375,24
68718.62316675717,68024.45,20
68781.82477918422,65756.42857142857,7
68797.57199891361,99471.25,56
68814.60271277625,108204.8125,64
68829.61312786794,77146.22222222222,27
68841.50248498573,73468.0,23
68869.45586785297,74143.8,25
68954.34709108138,58883.96296296296,54
69021.20489961903,73726.56818181818,44
69027.74270954427,66407.64634146342,82
69112.14046873499,66077.4375,16
69115.40648167224,69813.63636363637,33
69170.2518431308,75799.93333333333,30
69175.44607049091,66859.06451612903,31
69191.57213540576,67151.21428571429,28
69200.57449007468,62697.26,50
69202.67301959242,41239.75,4
69222.59482969073,63252.16483516483,91
69244.85359462064,75985.95588235294,68
69265.04310461164,68859.92307692308,39
69270.69153644195,63315.583333333336,24
69277.853169451,66112.36363636363,22
69288.46394144329,62007.52631578947,19
69302.48594452678,70964.88888888889,27
69310.94881266935,64285.46153846154,39
69311.73340257951,80641.16666666667,24
69320.93984247396,76043.9569213096,12187
69355.04890933142,64810.5,20
69373.54969921237,77179.47619047618,84
69374.33297525282,75823.56338028169,71
69385.65825271804,70638.03225806452,31
69394.5997265567,70802.15492957746,71
69448.94793012917,67195.5,40
69465.5097742772,74257.875,8
69504.02975808718,73396.62068965517,29
69541.10873817204,65394.46153846154,26
69546.9941427761,68687.33333333333,39
69552.9111450129,74749.64516129032,62
69589.42093503865,75020.21428571429,14
69589.74966579152,68516.425,40
69608.10761274133,68540.56818181818,44
69610.04849606185,71969.92307692308,13
69615.36904358263,68490.62790697675,43
69627.73869451068,103020.67307692308,52
69632.94229199027,79325.03571428571,56
69643.57360853534,70067.13888888889,36
69664.93751323431,65979.54054054055,37
69693.31693932322,58750.35294117647,17
69717.5964328874,68238.92307692308,39
69717.95580410962,66521.84507042254,71
69720.04783037634,64259.93939393939,33
69765.42478947589,68226.15094339622,53
69766.11350739012,68970.45833333333,24
69816.0962890522,68944.72727272728,33
69817.07284259151,71033.33333333333,36
69817.96970978497,89439.11111111111,9
69830.89589339678,73680.84615384616,13
69848.14993361094,70686.7027027027,37
69871.71924123087,68372.2,25
69882.52827925142,70910.8947368421,38
69909.3463249232,74284.26470588235,34
69917.49955766524,67065.875,32
69927.77349606185,72941.11111111111,9
69943.11488005753,74855.77777777778,9
69976.3327604045,78979.09523809524,21
69988.16898171588,70691.0,27
70006.19833232355,73585.83333333333,48
70011.44705180249,63112.584615384614,65
70020.79592495353,68577.02325581395,43
70022.45097112829,65951.5,34
70062.18256001508,66570.03571428571,28
70081.11371278546,56060.230769230766,26
70082.92789662807,123596.0,69
70086.1380182423,69430.3125,16
70088.6852845891,69795.18,50
70108.94110235966,38011.333333333336,3
70119.04096443085,68510.24,50
70126.4779133849,89086.57777777778,45
70129.62778621659,76426.92592592593,27
70129.9993861477,83567.3448275862,29
70130.19210864654,67739.20689655172,29
70131.28818686225,69926.28260869565,46
70133.02525540047,65828.56818181818,44
70133.14869467376,68198.72727272728,44
70186.10088507895,73123.54347826086,46
70188.88565740518,120530.44776119402,67
70203.93161949288,64321.48148148148,27
70210.14623708693,72734.5,24
70239.34972547228,82058.41666666667,12
70244.94282870258,93906.94736842105,19
70256.98780971878,61739.14893617021,47
70260.17065685838,69016.55263157895,38
70277.41729319103,60473.25,40
70289.05499854143,74398.45833333333,24
70289.9996657915,80181.23529411765,34
70300.37644094387,72516.0,4
70303.13337479283,63250.333333333336,42
70311.9649701877,73775.45454545454,33
70324.88755205498,73805.14285714286,7
70328.38885375934,66128.96153846153,26
70349.58999761324,71744.41666666667,12
70367.89026601282,70830.75,12
70371.9290578969,63834.295454545456,44
70404.6282457987,75063.0,29
70443.38716182797,65504.72727272727,22
70455.86919156816,80012.66666666667,30
70457.65433488914,65876.52,25
70479.47475815415,67655.5,6
70481.24367025458,89941.925,40
70483.81566404123,70832.05555555556,18
70484.95721116649,60238.560975609755,41
70494.809165729,72498.86111111111,36
70501.45999886672,64766.179487179485,39
70517.59731796365,71064.63888888889,36
70542.35630472912,75957.77777777778,36
70546.9969921237,65151.2,5
70564.17871592916,94388.79591836735,49
70588.93757098407,83515.11764705883,17
70613.0386259066,78010.0625,16
70628.07748408667,61888.48484848485,33
70665.6687206201,75574.19607843137,51
70691.57950422807,71287.875,16
70693.532188417,76247.88888888889,45
70705.1220739856,72386.07692307692,26
70714.63659142573,76984.13333333333,45
70748.63359374167,64897.21276595745,47
70752.88345850911,87733.875,16
70758.29776299674,63657.02564102564,39
70785.82799849976,70465.46666666666,30
70789.93752414921,75015.0,51
70793.38345850912,59597.13461538462,52
70806.62537919576,71160.77142857143,35
70824.92734844863,65006.230769230766,39
70848.46539138467,73032.6626506024,83
70854.09609371888,79160.6,15
70866.79582447802,93453.78125,64
70874.36438640181,97168.36206896552,58
70889.92349606185,68664.88888888889,9
70925.96240594884,69541.2,25
70938.18121053005,75147.94736842105,19
70943.28264051871,74401.41176470589,34
70965.9411383564,69269.5,14
70971.44766131477,70556.86538461539,52
70986.85592720043,70352.69230769231,39
70989.25177422873,88941.0625,32
71026.95587401546,62182.6875,32
71036.21924123087,100288.82,50
71047.43435493523,81260.22222222222,9
71073.70393184383,68735.88235294117,17
71111.53555452597,65462.43243243243,37
71164.57099887481,60423.142857142855,28
71221.17837270304,63957.09090909091,22
71223.8358102901,68736.77777777778,9
71253.75575280224,69309.375,8
71258.8431233591,64225.52380952381,21
71279.34199774962,61645.10526315789,19
71279.49521232884,65270.0,28
71295.31212401546,69376.30434782608,46
71296.82780103595,82548.375,8
71297.27482487024,94214.8125,16
71344.10671316052,107075.09523809524,42
71355.22483616893,67498.875,16
71365.55223580575,74261.82051282052,39
71402.9986327835,90115.0,4
71423.35117183748,82018.7,10
71431.70646305529,71642.11111111111,27
71447.21580974644,73711.32558139534,43
71448.85110916634,67454.1875,16
71449.62695554331,68597.6046511628,43
71476.79317335297,113351.86363636363,44
71491.65046328458,61508.22857142857,35
71509.54714160693,77861.52380952382,21
71526.19365469449,61928.142857142855,7
71552.4867349351,48576.14569536424,151
71563.02939842474,71145.11538461539,26
71581.63558236978,67741.9,20
71582.11592931671,73005.66666666667,42
71657.0749304279,71227.59574468085,47
71675.23782266249,83273.85714285714,14
71710.08291557274,63081.395833333336,48
71729.26076332785,79057.86486486487,37
71770.7097742772,61291.125,8
71790.80317609789,67806.6,25
71850.48643341282,75775.10714285714,28
71854.52493571186,62517.72972972973,37
71861.50439178727,124918.2205882353,68
71892.67957111647,83379.92307692308,13
71921.13865016855,77382.95652173914,46
71922.51256692783,78820.5,14
71956.936857814,105798.8,65
71981.49390714066,64276.9,30
72018.04849606185,57195.153846153844,13
72112.03629435152,64096.8125,16
72115.27136005623,76612.91666666667,12
72138.22955612809,73343.38235294117,34
72144.29573928217,64996.0,27
72146.69245475854,67825.07692307692,26
72248.96495583684,74507.07352941176,68
72291.4132745041,59572.35294117647,17
72314.33935796458,68340.35135135135,37
72320.89638608048,68418.18421052632,38
72325.80982622821,72758.09677419355,31
72329.92867117234,73707.56666666667,30
72343.1994531134,64501.318181818184,22
72345.18473957387,79996.53846153847,26
72416.97237988077,103098.26373626373,91
72467.71525794172,73806.56060606061,66
72468.91616535395,73401.69565217392,23
72536.72791338488,80056.45,20
72613.315605914,61905.416666666664,12
72618.94363526205,101751.65909090909,44
72627.09799474914,66094.18181818182,11
72634.1809347513,78148.16666666667,36
72707.29099233427,69124.35,40
72721.56256006344,65008.846153846156,13
72727.74471549504,79724.7741935484,31
72755.48206715487,61995.26666666667,30
72760.21580974644,74307.02173913043,46
72764.23805316267,70894.22429906542,107
72806.23092446735,77297.26666666666,30
72850.43462817105,71216.61538461539,39
72871.97999847062,78670.44117647059,34
72872.96992123697,143359.0,1
72873.58874859352,71698.93548387097,31
72881.55421872166,83587.25,8
72941.26358341957,74496.14285714286,21
72960.17710936083,67295.53571428571,28
72967.72349606185,76686.18181818182,11
73016.24725524313,77246.2,25
73079.05249718703,86740.15217391304,46
73130.82089145065,64197.25,28
73198.36960505885,78352.78,50
73204.87442156224,75549.5294117647,34
73210.96970141064,73149.42307692308,26
73243.32176007277,62557.0,14
73244.46374859351,63742.67857142857,28
73262.19793525773,67345.61904761905,21
73263.53266491638,79676.0,18
73267.45024594119,74765.6,45
73274.32351138476,86540.95454545454,22
73279.78428196367,72258.0,7
73285.08993446757,72498.61538461539,39
73290.78199907337,66339.29545454546,44
73326.3323307079,89074.0,12
73338.1010216019,76058.9,10
73427.68755205497,88989.2,5
73443.44218300273,78876.45454545454,44
73452.22533252552,78526.90196078431,51
73506.53012099069,79304.83333333333,36
73523.18305961708,74997.18518518518,27
73556.01276212154,80293.40476190476,42
73565.08999905105,65969.9375,48
73567.7605295794,69045.06666666667,30
73575.58202465178,69611.96721311475,61
73580.80707976692,75313.35087719298,57
73593.13497508441,79271.41860465116,86
73607.35925554742,69120.75,56
73618.20939842473,81978.84,25
73625.39211643861,77199.75,8
73628.58858799064,73461.79545454546,44
73646.9288335459,78568.5,12
73647.38234470662,70492.46875,32
73649.74555430535,78102.18918918919,37
73675.11488005753,78033.8,10
73678.6862467182,82358.2,5
73704.57510678038,72798.81818181818,22
73707.86226914714,70773.41666666667,12
73710.2424351823,77680.0,14
73722.04273267965,90858.2972972973,37
73748.998230661,77110.0,7
73751.47261006145,78058.30232558139,43
73760.25939842472,81410.64,25
73762.38939842474,81402.12,25
73782.54304233677,83078.29629629629,54
73790.22088538832,78908.0,10
73794.02292298718,76901.08333333333,12
73841.56751873979,84175.49315068492,73
73842.96787401437,76302.25,8
73859.30026040833,64297.42105263158,38
73871.05385447275,81794.35714285714,28
73876.06786190148,72795.68181818182,44
73893.36611923417,91645.87755102041,49
73924.06824307232,72081.9,30
73930.95134463916,59875.318181818184,22
73934.5819402182,70038.79166666667,24
73945.82780103595,79712.55555555556,9
73955.34022548265,75990.8,20
73966.08354992967,84497.71875,32
73989.95421872164,81873.64285714286,14
74000.69514674164,57978.25,8
74010.14487420669,73294.875,8
74022.16203760152,66477.28571428571,7
74089.99738445538,101454.66666666667,3
74105.73185863341,75217.86363636363,22
74110.12672584067,55774.48,25
74116.03203123962,71848.36842105263,38
74149.44775188723,79386.16666666667,6
74153.76119100976,77059.19565217392,46
74166.38670866111,68996.02564102564,39
74168.34187007732,74872.11111111111,9
74181.9815653161,71209.0243902439,41
74189.5280672868,76008.71428571429,42
74210.97994749132,136441.0,1
74244.39434106891,75518.6875,48
74245.48466971543,70869.575,40
74245.55308077027,78508.4,35
74246.48567354694,96512.875,24
74257.14065046166,85659.03333333334,30
74270.3604221803,66857.77777777778,9
74278.75669749975,71794.72727272728,22
74280.01616535395,80440.1052631579,19
74308.64877100862,75381.78723404255,47
74311.01415943411,94625.5,34
74322.82780103595,69090.36363636363,55
74332.27722076364,78271.43137254902,51
74381.5823307079,88098.73170731707,82
74389.20641212215,80307.36842105263,19
74441.6233013071,77594.23333333334,30
74443.117615297,70594.85714285714,7
74460.47732383742,74877.90697674418,43
74477.86155036616,70116.31818181818,22
74497.5082989146,96082.65909090909,44
74504.29243838404,65004.92682926829,82
74540.01348551594,98368.5,2
74546.54268732513,74373.31666666667,60
74550.22469921237,77439.38888888889,72
74574.66523434462,70013.44444444444,9
74601.77204366447,62857.833333333336,30
74609.04593503865,76978.25,4
74641.97397334919,75555.9268292683,41
74660.42294381886,73140.56338028169,71
74682.32349606186,66251.55555555556,9
74688.56772607935,74540.58064516129,31
74696.93338712788,78245.40625,32
74759.3412412576,75157.97222222222,36
74799.41761115659,73186.06666666667,45
74800.11333205263,74230.875,40
74810.68104434073,83861.57142857143,7
74822.12999885851,73767.8,25
74825.52462401547,73449.025,40
74832.18751189073,74985.75324675324,77
74832.81342632105,81850.28571428571,21
74845.1835187398,78090.5,28
74890.65046328458,72149.54545454546,22
74936.82127288199,80440.97777777778,45
74944.86034645629,70997.72727272728,22
74950.40110112184,77826.19230769231,26
74983.83879684948,79169.38775510204,49
75001.90444361097,71529.75862068965,29
75008.97177866402,80458.52173913043,23
75014.62340124986,103062.5,8
75039.62088538831,78499.71428571429,14
75058.69638608048,73996.26190476191,42
75110.70637795236,69893.66666666667,21
75122.04273267966,85193.18103448275,116
75178.42645669244,79686.92307692308,26
75182.76169224532,80459.73333333334,15
75209.35151873979,87305.0625,32
75219.0638692739,82227.07692307692,26
75248.43238688413,71943.41379310345,29
75273.54410573638,67359.76923076923,26
75290.33551873978,63889.854166666664,48
75338.41499562428,67049.75,8
75343.62150646177,77645.05263157895,19
75347.99849606186,67428.33333333333,9
75372.94730297803,81267.04166666667,24
75393.64703411989,65273.0,6
75426.31075323088,83369.26086956522,23
75439.09764602923,90060.17391304347,69
75454.01770989443,71502.3870967742,31
75482.01204871101,86166.36363636363,33
75486.60168484908,70499.92,25
75519.03825089781,65987.95454545454,22
75553.20258967545,86880.0,18
75588.36013498281,80759.11363636363,44
75591.16139168544,76584.9375,16
75595.18090670415,78714.84,25
75636.32702287186,68848.1875,32
75643.65286972746,63699.38461538462,26
75644.9627508484,69118.14285714286,28
75715.48743806385,78094.34210526316,38
75725.76116720436,56169.75,8
75764.15914013788,70912.09090909091,55
75801.97180446162,84564.34285714285,35
75860.65999733006,75089.22222222222,27
75892.67301959242,62359.0,8
75896.49434184316,77184.17391304347,23
75896.93553023908,76952.75,28
75914.4735566521,90060.61538461539,13
75930.72461365355,68250.0,34
75932.35969921236,68295.30434782608,46
75950.94360892325,120035.12,25
75953.45925367996,88023.90625,32
75954.70411301394,66612.1,10
75959.0715022384,71490.21951219512,41
76062.12207398559,76650.25,16
76089.42065685838,79469.17948717948,39
76089.57393462044,67035.0,8
76121.05242817498,63923.166666666664,12
76132.06431541347,77091.74285714286,35
76139.25360526617,85121.25333333333,75
76150.32071241041,84936.28571428571,28
76150.52552424307,77980.86666666667,15
76162.99475169541,78468.03896103895,77
76223.07561754737,79552.45833333333,24
76236.28789059143,58600.333333333336,6
76245.63814993676,72616.20588235294,34
76274.22335554178,76559.80645161291,31
76295.79550913247,76484.66666666667,27
76299.5097742772,68627.8,15
76314.5931233591,93870.96,50
76319.97079023362,76345.4857142857,35
76325.10310254297,79638.53731343284,67
76328.32511505793,83877.75,28
76329.57020086682,65704.18181818182,11
76348.82685264212,63844.846153846156,13
76358.23869451068,88926.23333333334,30
76381.20637795236,76438.17391304347,23
76389.51252036933,76396.0,24
76390.63266073722,81811.05454545455,55
76432.3631806248,86326.04761904762,42
76452.23010815904,73535.92307692308,91
76455.11891133124,78918.56666666667,30
76463.96644497912,71563.8125,32
76522.10999708285,68717.0,5
76553.6740497966,86229.3,10
76563.66431043397,74251.22857142857,35
76574.13906854631,75611.2,45
76578.48281773472,92126.71052631579,38
76581.43113457358,83984.4375,16
76604.41320890415,74375.25,40
76604.52999839258,80807.38235294117,34
76652.10804176601,77084.55555555556,27
76654.07156436716,74147.15384615384,13
76654.8579230422,81895.38461538461,26
76679.09609371888,61841.4,10
76718.81098231536,83333.31428571428,35
76729.33077819788,79494.425,40
76750.22638523087,94813.42307692308,52
76779.52848085065,67484.92,75
76817.41689167451,76317.6875,16
76842.4956576936,81227.87755102041,49
76845.4869730808,90694.71428571429,7
76856.02085852121,76371.80769230769,26
76863.23666291607,88870.375,8
76879.98795275539,83725.16666666667,24
76921.71660278285,73357.48837209302,43
76927.77087442936,63455.36363636364,11
76931.19438832285,80661.77272727272,22
76959.59562809585,80512.03571428571,28
76989.83832156434,75874.02777777778,36
77000.56133183309,89432.85714285714,35
77040.69419727079,89290.39285714286,28
77060.88475280716,127858.58974358975,39
77061.35129483772,77057.28571428571,14
77116.9363281169,75164.06060606061,33
77122.73398090685,81043.47368421052,19
77159.69460881187,88101.05263157895,38
77165.36904358263,82635.5142857143,35
77174.13801824232,75646.21428571429,28
77175.91017716494,66602.29629629629,27
77210.35759369895,95086.6,15
77230.31533716146,83530.375,24
77299.45329815708,89466.05555555556,72
77305.50953538062,86059.6,30
77312.34962401546,85410.0294117647,34
77314.23030648056,79410.4074074074,27
77322.65307490352,71229.69230769231,13
77324.55079455952,77603.94594594595,74
77333.07229002575,84693.28571428571,14
77343.97358772402,71853.94444444444,18
77365.02882198505,74868.48148148147,27
77373.0955754084,75257.0,18
77386.2460552287,78010.51351351352,37
77404.13801824232,66394.75,24
77410.27169960867,84671.09090909091,33
77422.90225552378,66824.8,10
77449.64246650957,76721.225,40
77471.94363526205,83647.78378378379,37
77475.90369755118,76587.96666666666,30
77482.50586456632,82253.29032258065,31
77515.28458012556,116081.47619047618,63
77521.90531003865,85288.875,8
77525.11376790941,84242.64705882352,17
77586.51204926248,82474.71428571429,28
77611.03769028813,78048.30769230769,26
77624.34652954063,66852.29787234042,47
77632.95680683483,71124.67857142857,28
77637.99908852232,86420.75,12
77642.53207689918,80269.8947368421,38
77669.83879684948,65809.66666666667,9
77674.71936205398,85512.32876712328,73
77691.33285589264,80233.96774193548,31
77701.99952631869,79240.69565217392,23
77713.696228217,78914.96428571429,28
77720.35519079302,82045.62264150943,53
77758.77253123299,86027.86956521739,23
77779.76970978497,93946.25,12
77789.57967487861,68310.41666666667,12
77803.61144633206,78515.19512195123,41
77825.84939842473,65148.28,25
77830.75831135511,77284.0,21
77831.78788206185,84174.19230769231,26
77873.1075661484,78122.43589743589,39
77920.82654900817,70204.4375,16
77954.7768903755,72288.45205479451,73
77968.77902054816,61385.77777777778,9
77975.26157480195,53913.2,10
77985.86942961361,77719.55555555556,27
77999.3394760946,71868.18421052632,38
78007.14705027228,74394.18421052632,38
78015.68873633469,72194.84615384616,26
78023.29253123299,69087.875,16
78035.46441677296,79109.625,24
78046.17493404204,82554.80434782608,46
78068.05464442892,80258.0731707317,41
78075.60354002577,71218.21739130435,23
78077.53464004418,79460.6875,16
78101.38345850912,83903.13333333333,15
78105.01146149359,78752.5,28
78144.12048396279,60587.0,9
78157.11202158693,81361.09433962264,53
78162.53093667956,79206.84722222222,72
78183.72969228511,79842.6,30
78185.00968909767,79393.13333333333,15
78193.38178243613,88484.21276595745,47
78193.83986001718,79169.6530612245,49
78215.76553079768,73734.22857142857,35
78248.09131371677,88771.33333333333,18
78257.20790331335,62048.333333333336,12
78269.82672584067,159473.5185185185,27
78274.50280154441,77660.25714285714,35
78346.81196287923,74747.21739130435,46
78348.56260184669,68805.66666666667,3
78353.11146742989,72867.45454545454,33
78361.09147856433,83716.92307692308,13
78361.68593086842,76375.34375,32
78363.34356587564,78782.80555555556,36
78366.7239733492,77277.69444444444,36
78394.63832156434,76160.6052631579,38
78403.8514805091,78638.7741935484,31
78441.58518053095,73060.69230769231,65
78463.72961235527,62673.625,16
78466.34739016285,80178.05555555556,36
78468.63805336769,101277.66666666667,27
78469.27392002424,87973.11538461539,26
78474.4352845891,74072.17948717948,39
78476.20367239778,76288.47826086957,46
78504.7038618463,77330.31818181818,22
78555.91101166123,79502.30555555556,36
78582.36566404122,77900.0,12
78588.78789059143,79403.75,12
78594.30845400385,82365.05555555556,36
78596.38314960599,79424.22857142857,35
78596.417886446,73586.0,7
78599.45999596087,78675.0,8
78602.52345144328,78859.44444444444,72
78608.33532731733,82333.69047619047,42
78622.80678754563,62402.6,30
78628.47475065585,79149.76923076923,39
78630.06251638093,79232.13157894737,38
78634.0925569184,79637.82352941176,34
78638.90326771609,84502.75,28
78673.48290068506,80212.5625,16
78719.05438248269,87566.43902439025,41
78731.5306177447,93792.25,76
78741.42188801373,84579.95833333333,72
78754.04016132093,79118.425,40
78765.86912929329,77851.13333333333,30
78766.3328775945,81209.6,35
78777.49899737457,65430.642857142855,14
78779.71279295937,72377.0,40
78784.37879684947,98179.85714285714,49
78794.01792586874,80400.36111111111,36
78812.34327610613,60083.181818181816,11
78820.49390714067,76035.97101449275,69
78839.15683934164,77060.66666666667,15
78843.4597536348,76555.0,57
78848.87646032672,80787.51351351352,37
78865.52030846637,79032.24324324324,37
78871.15749896364,71611.38095238095,42
78877.73528153278,98886.95918367348,49
78892.22484780292,73594.98780487805,82
78898.50335757613,82019.21428571429,28
78900.42599917091,89065.8085106383,47
78903.69939842474,73885.15625,32
78912.34418812483,87027.86842105263,38
78920.86106215398,78539.91666666667,12
78933.90574498604,78741.34,50
78946.43806879364,90226.66666666667,27
78974.70051743471,65534.15789473684,19
78989.19153644197,74908.68493150685,73
78990.09957030338,72221.07692307692,39
78998.99436086422,78425.41860465116,43
79008.90030414102,82552.44736842105,38
79019.66910573638,70224.6,20
79033.29891049302,76550.67391304347,46
79058.12554489473,75485.36842105263,38
79072.97028973275,82758.86206896552,29
79080.37140924663,83047.45161290323,31
79085.56490268819,96135.90909090909,11
79100.16327450408,84982.91666666667,24
79110.41117492621,88102.0,21
79142.62685264212,77948.46666666666,15
79163.44723866334,80926.55555555556,9
79168.24012558527,72476.85714285714,35
79194.78788310071,85621.20833333333,24
79197.87383548726,96990.05357142857,56
79214.39684823612,76710.41176470589,34
79223.06154557977,89629.23809523809,42
79226.92710030777,77262.5,36
79228.62855246839,76473.28571428571,35
79229.84499697066,76489.5,20
79246.55513779496,76775.4,30
79248.91499562428,64435.705882352944,17
79256.11592931671,78020.71428571429,28
79258.55322183862,72351.27777777778,36
79258.76553079768,79384.84615384616,26
79275.69388434697,76422.51351351352,37
79277.2702243795,86979.27027027027,37
79278.39484935615,140692.94871794872,39
79281.75309748221,91973.64516129032,31
79297.50307582151,77144.58823529411,51
79325.78584092668,73794.57142857143,21
79329.7014876859,75337.33333333333,12
79360.55881475312,78204.72916666667,48
79362.62705779394,75444.21428571429,28
79369.02131695027,73917.23809523809,21
79371.12121759115,86358.91666666667,12
79392.59268856878,74367.65957446808,47
79400.28268421603,72730.44827586207,29
79429.41271653518,76789.1914893617,47
79433.07333138856,80968.82352941176,17
79447.63094571025,82723.93103448275,29
79448.06251473255,86088.51851851853,81
79462.21759280056,76100.3,30
79478.80573521297,77989.86666666667,30
79480.02161648878,74873.15625,32
79482.44100470656,78418.325,80
79484.45621923207,79303.625,32
79490.70183085858,76193.8125,32
79533.15046328458,69059.22222222222,18
79558.23605055886,83239.61111111111,18
79566.86480617765,95955.48,25
79578.35510994426,80708.26470588235,34
79618.417886446,91426.33333333333,6
79628.90778293228,85496.65384615384,52
79641.69127701108,77857.26470588235,34
79682.11376790941,71739.36363636363,11
79693.60666357793,91127.38461538461,13
79699.47897798443,89249.0,66
79701.65524461045,92524.25,28
79714.8827725728,80194.375,32
79717.99951485866,77355.14285714286,35
79732.61999885018,80118.4375,32
79734.83016001995,77295.5142857143,35
79738.01572108273,90533.07692307692,65
79775.64295515194,81640.4,25
79789.08225445468,77280.70588235294,34
79798.44058669092,82758.69230769231,26
79805.67420025132,81223.08219178082,73
79843.93828124217,84801.23333333334,30
79872.08767196524,76023.65853658537,41
79882.74954426117,105925.11940298507,67
79915.64246650957,83374.10256410256,39
79954.2205754084,65801.68571428572,35
79956.18136244298,75524.57142857143,49
80000.82731013413,67632.79310344828,29
80006.72968128948,77314.9696969697,33
80014.8910065308,75684.7,30
80049.47336759197,85614.69387755102,49
80067.06295663714,78699.6888888889,45
80097.53342249963,95522.83333333333,12
80104.9993861477,80624.19230769231,26
80106.42570678447,65239.8,5
80108.6352845891,120758.75,48
80110.2454739803,88276.8717948718,39
80122.53978525387,85030.86538461539,52
80128.57525156735,70471.30769230769,13
80154.11763779496,76718.97142857143,35
80154.69953724979,76280.37931034483,29
80158.46992123697,153370.0,1
80204.75147164708,68926.71428571429,28
80213.86241808446,74430.71153846153,52
80244.53799878826,95999.64516129032,31
80260.17249848534,78480.89285714286,28
80263.18021109015,84588.53846153847,52
80273.75448818851,82103.04,25
80292.26820777965,71942.94117647059,34
80301.83760452447,76337.72972972973,37
80313.28684715717,89606.125,16
80325.70112776189,67713.45454545454,33
80325.88609817358,84005.5172413793,29
80332.63776212154,81633.08823529411,34
80383.08514135689,79278.68421052632,19
80399.74171751933,85795.90196078431,51
80410.17749718703,71296.4375,16
80425.21804493839,87150.0,8
80431.49699212369,90535.6,5
80454.73470433797,79097.09090909091,22
80456.11682649981,70642.37931034483,29
80456.34825146783,72827.13333333333,15
80459.9987722954,76515.5,18
80460.49174519826,82711.27083333333,48
80466.56649581195,81259.66666666667,36
80471.11488005753,106450.6875,16
80490.33905511767,77405.65384615384,26
80498.31342632105,87457.15789473684,19
80525.51484373685,79094.22222222222,27
80528.05959894983,76535.13513513513,37
80532.79825397633,81153.13157894737,38
80562.34327610613,73344.35294117648,17
80562.47210111775,84841.81818181818,11
80570.35451528212,82171.77631578948,76
80582.92093503865,90536.76470588235,17
80609.07244928791,88005.8918918919,37
80609.17470124924,97087.0,10
80614.50227897655,80932.18666666666,75
80645.56048652418,70467.31481481482,54
80650.4087139096,88035.125,8
80654.66595050565,72093.09090909091,22
80658.85529327526,79481.50602409638,83
80690.87566847912,80476.5,26
80718.29849606186,85100.22222222222,9
80734.04092702304,88948.35294117648,51
80746.53464004418,72546.63636363637,11
80751.88039630777,79787.2,35
80760.55292065344,87197.9,20
80762.65124859351,74955.3,20
80775.96559188537,87466.09090909091,33
80788.21473033588,85110.725,40
80806.40428446408,92176.34285714285,35
80828.86037874983,79732.62068965517,29
80854.02145870418,81366.93939393939,33
80870.99964191948,87351.83783783784,37
80878.79962401546,89388.45161290323,31
80878.86817403266,75211.0625,32
80891.69962401545,89178.375,32
80899.99932407273,68467.08695652174,23
80916.34573773196,132391.8494623656,93
80919.46024146954,87996.4693877551,49
80926.59680446162,70000.72222222222,36
80928.32612137737,86708.77272727272,44
80946.64012968937,70866.19230769231,26
80947.67646032672,89554.15,20
80953.58788142633,80795.07407407407,81
81039.86670128975,81212.64583333333,48
81053.375939746,91979.08333333333,12
81062.1350957579,91083.90697674418,43
81075.0082196715,74255.59550561798,89
81086.43337254503,86102.51282051283,39
81094.43393313503,81183.84210526316,19
81097.7844845091,81133.85294117648,34
81106.48184285442,120510.02272727272,44
81122.61547285512,87008.6,55
81175.74961437483,78248.16216216216,37
81181.35145649484,81235.775,40
81184.0317638635,80658.9387755102,49
81184.44409264605,82978.55319148937,47
81190.45999934089,84108.23655913978,93
81299.5253434696,85348.57142857143,35
81304.21847469022,101601.17857142857,28
81355.37976516066,82168.4909090909,55
81358.00706648476,89739.03703703704,27
81358.91323627677,78238.23404255319,47
81420.26284127618,82255.19444444444,36
81428.71746257006,76665.21739130435,23
81430.02541833854,76272.0,31
81430.63965624271,86911.97674418605,43
81436.7107200255,77693.96153846153,26
81448.63278013299,93669.6551724138,29
81452.25635028697,77648.0,39
81469.15930446162,81987.3448275862,29
81478.18811172145,94617.13043478261,23
81495.87321748548,81869.31818181818,44
81513.38543721469,85892.23913043478,46
81523.14162943825,81033.47169811321,53
81543.52905789691,85941.1875,48
81543.62771203533,83606.0,19
81553.26079576316,81229.41489361702,94
81556.02277365592,84685.72727272728,66
81564.90934297109,81534.76470588235,51
81571.24743047006,77660.68604651163,86
81610.52617895407,95568.26666666666,15
81611.98019079302,75146.70833333333,24
81646.53555452597,83893.37142857142,35
81647.85094488157,76905.7435897436,39
81661.32262467145,76455.54166666667,24
81716.62894994736,77462.42,50
81722.52159152631,73354.22222222222,27
81730.95258730865,83545.25714285714,35
81738.4087139096,80683.6,10
81768.19136878407,75998.08333333333,24
81792.76633245818,80521.94736842105,38
81811.25099393966,78720.22916666667,48
81814.15475851591,80302.30769230769,39
81818.8142063809,82281.33333333333,9
81845.81540048821,93877.38095238095,21
81858.86747079641,96638.4705882353,17
81864.96999845562,86059.77777777778,27
81883.46412801594,82916.69696969698,33
81907.38169877605,90292.56,50
81918.24725524313,77830.42857142857,28
81928.54065487691,78127.90566037736,53
81983.9094364323,82723.0,45
81994.93751213717,76946.02325581395,43
81996.56928008837,88608.4,15
82028.28166565688,83332.44444444444,36
82039.60362310386,83080.90697674418,43
82040.7119016706,97580.6,75
82064.8294672472,81707.90410958904,73
82077.62325754199,84825.58333333333,36
82095.20626561649,156205.3777777778,45
82143.60994791011,75218.33333333333,42
82182.85435356834,82491.51851851853,27
82194.40428446408,82458.0,25
82211.2844865811,81378.46666666666,15
82238.04595922168,78872.16666666667,48
82258.19729002575,103263.78571428571,14
82259.94732901819,87411.70689655172,58
82260.90557773196,57428.57142857143,7
82272.81218667954,85828.69879518072,83
82275.22282167616,122257.21739130435,23
82301.38805336769,80639.29411764706,17
82347.71530669721,88726.84210526316,19
82354.55881475312,68374.74285714286,35
82367.23941428347,83226.51162790698,43
82374.23356633025,79000.78181818181,55
82420.78990326166,93332.84615384616,26
82422.36072099365,64632.86666666667,15
82437.95357653646,76571.15625,32
82443.95893813255,79994.24444444444,90
82507.7768903755,82207.09615384616,52
82511.82082496547,139558.54166666666,72
82521.95142607101,83197.16666666667,18
82522.39467614898,76724.63043478261,46
82538.33874859351,80789.13157894737,38
82539.89691515175,134408.5072463768,69
82563.81298389906,84601.05405405405,37
82580.23352477865,96136.81818181818,11
82598.33760452447,76781.54838709677,31
82613.48502831857,82141.93617021276,47
82643.76749906235,79302.51351351352,37
82655.56510236188,87586.4375,48
82655.69388434697,80432.5294117647,34
82671.99925731448,79552.3125,32
82682.42524331925,68467.33333333333,3
82684.2405343078,69806.21428571429,28
82687.25999170916,81708.33333333333,6
82705.51547285513,75315.75510204081,49
82748.36683795985,78356.55555555556,9
82766.1609022095,80206.08108108108,37
82772.30587401547,84891.21428571429,70
82773.69188701031,75751.8,30
82809.76029615632,80285.55555555556,18
82839.3855429948,71273.66666666667,27
82848.95749781214,71800.63636363637,22
82913.01385601767,79590.95833333333,48
82917.38535309034,82213.9696969697,33
82954.47939842474,95338.68,25
82958.34045335208,83161.2564102564,39
83004.61953124254,71993.0294117647,68
83013.04853036696,82961.57142857143,28
83017.81596185756,81244.95,20
83043.68893820056,82872.38461538461,39
83062.19955438869,98769.175,40
83112.00728560057,95569.29411764706,34
83175.67902759684,81028.69230769231,26
83185.51574091919,78274.86111111111,36
83215.12999585459,59178.22222222222,9
83236.5190898862,76757.76470588235,34
83242.67561754737,86350.04166666667,24
83261.11333205263,92892.41463414633,41
83278.13006113337,78735.73611111111,72
83279.25999906789,75680.3469387755,49
83284.90726795376,87561.81818181818,11
83296.25954713263,79125.34146341463,41
83318.02736001718,81333.11111111111,27
83318.68915706564,71204.74468085106,47
83371.74563158414,97648.0,17
83373.03920814957,91797.84375,32
83406.70313861904,78990.11904761905,42
83433.0469921237,78529.4,5
83497.2393049129,92169.44444444444,9
83516.85469689728,83769.17647058824,17
83520.78442938275,85512.05714285714,35
83536.23855468041,77659.31578947368,38
83557.9292968638,77463.25,36
83559.74939842474,81422.42253521127,71
83560.42946067176,88985.0,25
83567.2864800229,89372.60869565218,23
83583.60354002577,89623.59090909091,22
83587.58351873979,82203.63888888889,36
83589.44635108793,96927.08333333333,24
83596.56975769311,76165.26315789473,38
83605.1821932009,83352.77777777778,18
83617.4653413868,77855.55555555556,45
83632.46687007732,86253.72727272728,11
83644.97275062063,77518.11627906977,43
83687.06672136532,92150.07142857143,28
83695.7024626266,76980.09090909091,22
83728.57883829671,90469.3,20
83730.24199774962,75485.13333333333,15
83796.12999585459,87888.16666666667,6
83798.9418372698,88356.64516129032,31
83808.15169498522,77496.37209302325,43
83809.18753394889,90191.2,20
83819.08081172743,74242.0,27
83820.790231337,102443.56363636363,55
83850.46171873627,95576.08333333333,12
83866.29317335297,94771.2,35
83877.92424803092,61128.61111111111,18
83881.89606135996,76020.79710144928,69
83893.48393700717,76653.8947368421,19
83910.74204724292,72211.5,10
83936.54783037635,83545.88888888889,27
83965.54962401546,80177.65789473684,38
83974.90212249977,94630.6,20
83995.9045253297,86489.41176470589,17
84010.83181102331,76798.78571428571,56
84013.72483616893,89156.5,8
84044.26586456632,82106.2,25
84061.9743139212,75803.35416666667,48
84087.44578532828,111128.33333333333,6
84093.878180227,89698.42105263157,19
84103.01402749961,95706.60869565218,23
84108.06930110445,77213.80645161291,31
84116.60587401545,86446.97959183673,49
84147.41212401546,82594.54545454546,33
84149.34384009516,88588.5,12
84152.64924803092,81188.15,20
84175.67012458827,103281.33333333333,9
84182.24832895762,81499.25,4
84185.2864800229,90880.35,60
84240.3142063809,84779.6,5
84250.8995372498,88427.72727272728,33
84291.53546229354,92346.23529411765,17
84295.17293191023,115801.5,4
84303.02185680173,94449.10714285714,56
84304.95852329896,90150.32,25
84335.06098570956,88077.75,24
84396.73337184895,85787.775,40
84415.07797575815,96796.04545454546,22
84428.83409958614,76007.77272727272,22
84433.40225552378,76924.26315789473,19
84434.55089642611,85335.2641509434,53
84448.3783141313,89832.21739130435,23
84462.12227931994,88190.33333333333,33
84471.81635886285,92675.0,5
84488.3370248983,88968.06666666667,15
84488.92249848532,81041.36,25
84489.8380628223,82297.06666666667,15
84516.44058669092,84833.10344827586,29
84542.48809040057,93635.96666666666,30
84558.8672714254,72877.4,30
84568.25979002577,114343.6,20
84586.54152551507,130684.075,40
84601.4705691782,77108.69863013699,73
84627.25467917525,88907.29166666667,24
84646.34238570856,73223.35714285714,14
84659.53389192728,86885.40625,32
84662.96143465299,153539.32653061225,49
84678.52592001627,78480.5,46
84692.09030143912,86581.42105263157,19
84706.14080648964,88192.57692307692,26
84709.70288002097,86669.46,50
84712.48966783095,98857.41666666667,24
84716.93939842474,84669.5,18
84733.26174803093,101675.78947368421,19
84760.11371278546,79711.25,24
84808.98463539817,102002.9375,16
84828.02552424307,95309.0,16
84865.03186995145,98517.77272727272,44
84875.88822047193,85182.5,20
84900.1498608558,93377.0,19
84915.90437007732,79906.125,8
84931.63581674977,101763.2,50
84932.77999315104,53927.0,2
84948.92865136506,93285.96428571429,28
84966.91291214546,85553.72222222222,36
84996.30457493622,91336.20689655172,29
85019.8302535698,90355.0,74
85032.98547729416,98648.4705882353,17
85042.74164786056,84781.80952380953,21
85053.82597112829,80437.85714285714,49
85056.76305336769,68969.4705882353,17
85080.80513779496,89281.86842105263,38
85088.45586785297,83369.5,26
85090.46458498391,76147.21951219512,41
85096.51496835874,87105.86764705883,68
85119.85199834182,86417.63333333333,30
85121.06673980308,86653.86206896552,29
85123.91690559252,79870.6875,32
85190.53276040452,162981.0,5
85200.99928383897,86309.36666666667,30
85223.85560486722,87782.45161290323,31
85243.34763867948,113028.5625,48
85264.04973955062,74933.0,4
85265.99812007732,78505.75,8
85299.06761797602,89146.34375,64
85301.8872178465,79166.0,7
85301.8975499488,88713.37142857142,35
85307.6323307079,80364.5,10
85319.7220635336,100689.11764705883,17
85326.96441677296,83515.04166666667,24
85328.1618789955,99858.93548387097,31
85331.31424441744,90014.93333333333,15
85332.45278886598,84548.15789473684,19
85383.94924803093,105757.4,20
85385.40492525324,105112.11764705883,17
85415.57056917819,94084.625,16
85419.0872510162,92123.11111111111,18
85431.3195187398,114586.41860465116,43
85455.76724409382,93411.5294117647,17
85461.48015381763,89362.9375,32
85492.67491089889,90354.84,50
85497.77067663113,98174.95890410959,73
85535.09131371677,97245.25,12
85547.34029512944,82922.89285714286,28
85550.14730297803,84396.75,32
85551.3992922644,82824.44,25
85566.13253123299,94579.6,15
85577.26270558251,147536.9111111111,45
85613.02648506733,92480.8,30
85668.93865757606,87301.94444444444,72
85676.58249781214,96029.73333333334,15
85685.84813770319,84899.35714285714,28
85710.4597536348,131886.03278688525,61
85731.46475091558,80731.96666666666,30
85737.9995851205,90395.31914893616,47
85740.56107571133,85395.08823529411,34
85750.2864800229,94450.09090909091,22
85795.04924803092,83256.08,25
85796.35743185831,73104.8,5
85797.52155380526,97311.10344827586,29
85801.41604002577,84172.77272727272,22
85803.10944006873,66911.5,4
85805.60118510571,93583.0,23
85812.76768826856,62868.625,8
85816.71851109482,91974.87096774194,31
85879.45999823004,90871.95454545454,22
85894.06532983277,110390.52380952382,42
85919.56876801903,81854.18181818182,33
85957.95021891469,89385.78666666667,75
85977.65551873979,84679.46153846153,39
85990.49918706046,81557.4,15
86053.85359462064,92497.54098360655,61
86056.06496629068,85440.31034482758,29
86058.08755665066,87577.72916666667,48
86059.13913809112,82984.04761904762,21
86065.30865816983,82225.29411764706,17
86095.62565497449,71679.13333333333,30
86100.52159152631,89889.35897435897,39
86105.49340991146,102441.38461538461,26
86129.65840730084,97142.83606557376,61
86135.44058669092,91182.78571428571,28
86147.98507132227,87141.41935483871,31
86153.60939842474,99966.64285714286,14
86158.85272617114,82332.85714285714,21
86198.71256692783,93904.22222222222,9
86209.34238570856,99013.31818181818,22
86216.89315374933,95578.875,8
86236.92509218928,86082.48387096774,62
86246.86775071685,83675.26470588235,34
86274.32349606186,82852.0,5
86288.62107966193,81988.13636363637,22
86293.38690271766,91670.67010309278,97
86307.28789059143,83650.85714285714,7
86314.40783202062,89916.09375,32
86318.68262743353,46074.333333333336,9
86318.79670686675,98022.15789473684,19
86330.21266178979,87725.13698630137,73
86344.8303875646,78821.25806451614,31
86351.49841690721,83410.85714285714,7
86359.42972003436,90468.92857142857,14
86375.46992123697,144474.0,2
86377.00583753089,89480.3870967742,31
86397.98463539817,91538.83333333333,18
86416.3077593699,85781.21666666666,60
86446.13432512393,84279.0731707317,41
86461.33082676976,97098.8,5
86492.64065046168,78400.84615384616,26
86494.32491938472,83041.08108108108,37
86509.45327598718,90129.31818181818,22
86523.19714112609,93099.26086956522,23
86526.17376002269,89448.54411764706,68
86538.21480912958,88457.41176470589,34
86547.37559488507,74871.5,22
86561.51654991349,86386.40909090909,22
86589.42093503865,90104.19230769231,26
86596.78313315279,85309.62857142858,35
86606.05811579381,75238.95652173914,23
86616.21763493159,96600.55263157895,38
86616.28399549927,73125.0,3
86617.35575234571,87705.56521739131,46
86640.94987459845,80295.375,24
86643.36295275539,87732.13043478261,23
86650.80369393993,99767.35849056604,53
86652.36537052842,156425.62790697673,43
86661.47465190568,82155.21875,32
86718.91342632106,88738.11111111111,18
86807.02041557274,82740.42105263157,38
86819.7097742772,99249.25,12
86828.99928383897,78801.69230769231,26
86840.193941957,73456.61764705883,34
86846.73681212141,83939.30508474576,59
86859.05838119466,79888.35714285714,28
86861.34569109595,84559.76923076923,39
86872.03916010309,95127.4,5
86919.78929866219,71975.19047619047,21
86937.43752631993,90253.47826086957,23
86971.89261982984,78218.63636363637,22
86987.85797820681,96833.92307692308,26
87004.9705691782,89341.88235294117,17
87019.06586711766,83710.82352941176,68
87021.63832156434,99847.02127659574,47
87033.38273756813,87218.64705882352,17
87039.39431904288,99772.26315789473,19
87062.53686449607,83526.45714285714,35
87068.37710936082,104318.6170212766,47
87072.65749896364,90777.85106382979,47
87074.25489249981,92669.88571428572,70
87107.05711386995,77132.42857142857,21
87125.30266571198,94538.62222222223,45
87131.93113457356,85274.40625,32
87154.21240594883,101468.47826086957,23
87167.80989307867,90136.4705882353,17
87206.74970511017,90564.54285714286,35
87212.12060446943,76565.1052631579,19
87223.87151873979,69577.63888888889,36
87231.99933892829,77461.18518518518,27
87241.44775188722,107011.8125,16
87250.13253123299,86450.0,13
87263.60325215057,96110.21428571429,14
87277.08646595513,89454.33333333333,12
87280.37912293777,77438.19230769231,26
87305.9411571373,91234.8125,16
87308.22891679019,83948.05555555556,18
87318.34228421404,98438.92857142857,28
87429.23659142572,93839.87755102041,49
87435.91807290721,96054.7027027027,37
87436.06257556369,82479.64285714286,14
87442.6329555278,80646.05882352941,17
87460.94360892325,97478.29411764706,17
87461.60850393648,136337.125,24
87476.43373578256,86411.80645161291,31
87493.32114761464,96327.79310344828,29
87502.2686443912,89254.33333333333,9
87502.95180802356,86044.92,25
87580.91713964232,87200.4,10
87608.3767524993,88654.71428571429,7
87618.41017716494,94279.40322580645,62
87643.24575126676,87439.70588235294,17
87649.41547285512,87888.71428571429,49
87653.36144699238,83643.13043478261,23
87655.72966115139,87474.0,23
87680.34757337082,85486.68181818182,22
87698.47673574257,168144.75471698114,53
87699.84635108792,87362.03703703704,27
87723.6224577252,92161.88372093023,43
87764.36181340831,74123.45454545454,11
87772.95932780184,98003.40909090909,44
87789.18911193004,92205.5,22
87795.40396942996,93967.86206896552,29
87835.13266491637,82728.23809523809,21
87849.94684072345,99044.88095238095,42
87855.51770989443,88025.63636363637,33
87865.32746033542,86109.15,20
87872.84098853935,87672.07692307692,13
87883.72834091695,100969.75,60
87884.12542942035,78902.54166666667,24
87890.42026108518,111868.1,20
87893.13999778133,74791.38888888889,18
87955.99624015462,97785.6,5
87969.54649438012,97640.15384615384,26
87979.684165729,87363.70967741935,31
87984.85797820681,84626.58695652174,46
88009.7994531134,97549.47826086957,23
88011.61608904116,80499.94736842105,19
88018.35728200585,87834.11111111111,18
88023.0112781539,91840.92105263157,38
88040.43019298968,75370.57894736843,19
88045.49340991146,77310.94117647059,34
88054.33067461131,96909.66666666667,24
88106.8327763192,96014.63636363637,22
88111.0930923919,81020.05555555556,36
88118.44635108791,80886.875,24
88155.2646614158,75785.875,8
88165.7886821378,90045.72727272728,22
88225.68412872253,100267.625,24
88237.7947709372,96718.21739130435,23
88299.74710133154,94773.34782608696,23
88302.74794597665,92951.09090909091,33
88315.50602523936,81713.05882352941,17
88326.14873382154,95752.83333333333,24
88334.15398245913,88556.84,25
88351.21540327667,84152.625,16
88354.34986808407,77905.93333333333,15
88355.10873817204,72310.89285714286,28
88361.70037235957,95000.53846153847,26
88371.7698638005,101438.94117647059,51
88401.48440944814,86621.5294117647,17
88422.01447643636,100268.2,40
88439.81253123298,86715.58974358975,39
88441.1861521151,84053.04761904762,21
88456.165755189,83159.22727272728,22
88465.37783641869,81927.1,30
88479.2628412762,84670.9387755102,49
88509.76856969751,90443.85294117648,34
88517.44396700375,78027.05714285714,35
88534.40871390961,81850.2,5
88545.8737467182,83024.27272727272,11
88557.17163805306,92101.15384615384,26
88573.28843183703,88668.2,15
88589.56399814675,89609.625,16
88595.58674803092,89343.80952380953,21
88603.35243565105,131906.35135135136,37
88611.5826171723,98222.12,25
88615.13959894983,85644.71428571429,49
88616.18751761259,74935.42857142857,28
88626.84733977815,85449.0,20
88658.28442938275,88882.76923076923,52
88661.34521054235,86892.5,6
88686.25267383766,79181.33333333333,15
88706.50369615524,86998.20689655172,29
88707.31044269416,95180.23809523809,21
88713.87114210702,81456.77380952382,84
88714.30269485926,76789.0,20
88723.42570678447,87171.75,8
88751.1578202225,81212.62745098039,51
88788.31850896249,87907.88,25
88795.41753969241,80066.76666666666,30
88815.69076519164,82437.28571428571,7
88846.03752230927,92164.3947368421,38
88858.21459033714,83679.88888888889,9
88858.49017267498,100077.45454545454,22
88873.79343391201,90619.65853658537,41
88880.26024146953,109920.1313131313,99
88891.82981033002,77175.42424242424,33
88906.93815303833,82342.79545454546,44
88944.563909619,99840.0,13
88954.09774426019,90850.53333333334,15
88976.76845951888,84300.61904761905,21
88986.36789335503,89828.20588235294,34
89012.2553639326,87624.31578947368,19
89014.6282457987,86790.0,22
89026.52773436296,81161.65714285715,35
89035.83951873978,89298.57142857143,7
89059.91217163006,108184.0,29
89067.56953123807,78639.26086956522,23
89136.4181513178,79054.59154929577,71
89147.60374890607,89096.15,40
89155.08241937881,94249.25,36
89158.03079115038,81195.13043478261,23
89179.76310704373,84986.0,1
89197.68045096532,90244.61538461539,13
89230.62455766524,87237.1724137931,29
89240.04260641267,89466.82352941176,17
89249.15626748114,87285.67741935483,31
89252.80333178896,94304.45,20
89284.87139351714,102756.73809523809,42
89289.95895257252,90641.17105263157,76
89302.63396575356,95748.3125,16
89343.88514135689,87418.6,20
89361.22404317386,76786.63636363637,22
89362.89294952847,93631.15,20
89385.67012458827,82451.65,20
89388.11914395276,84535.87096774194,31
89392.6740497966,105029.22222222222,9
89395.0419132178,101300.55,20
89396.12155380525,92007.0,32
89403.50375933739,92587.44,25
89436.45508495568,90336.64,50
89444.02939155263,83187.42105263157,19
89444.76102183224,84930.44117647059,34
89445.07646032672,97562.36781609195,87
89458.63939842474,78514.82352941176,34
89461.25448818851,103871.375,16
89484.54593503865,95401.86666666667,15
89488.84254747523,83290.41176470589,17
89493.73160573638,91719.93333333333,30
89497.41741427335,101689.77777777778,9
89500.44176763587,87690.16216216216,37
89509.56376081657,87042.25,24
89514.43553023908,85177.68,25
89517.15506288927,85180.23809523809,21
89527.56885876549,85963.13636363637,22
89534.99683381442,97529.5,2
89575.10499437408,92605.27272727272,11
89624.3915187398,79222.3,50
89631.96992123697,134524.5,2
89635.40297537178,98042.16666666667,12
89638.71879684947,75725.88888888889,9
89650.32718503865,88667.92,25
89659.51834468025,82068.63793103448,58
89667.40412093491,101613.27083333333,48
89682.90726795376,94537.5,6
89693.82118655914,89578.46666666666,30
89698.08910330205,100097.24324324324,37
89701.93913657306,150090.65,20
89703.61106643178,71410.13333333333,30
89727.83874015715,98587.109375,64
89728.14070865979,92215.72727272728,11
89768.48496061849,183033.66666666666,3
89807.32403370591,90602.17857142857,28
89827.71044269415,99894.25,24
89832.99942156224,89029.55555555556,27
89852.36197629091,93864.84,25
89878.16355948594,75002.82352941176,17
89893.92785526754,90309.44444444444,27
89895.7264914607,74035.46153846153,13
89931.91837695922,116596.13157894737,38
89935.29008412371,82470.74193548386,31
89954.47219070187,100801.77777777778,45
89960.8540496359,79879.19512195123,41
89964.05591438361,118000.13636363637,66
89967.23759369897,77846.25,4
89974.49272522693,87731.65217391304,23
89976.71673741819,90400.56666666667,30
89985.31980429587,87384.14814814815,27
89994.9994580403,100176.94029850746,67
90005.76207842809,95040.54166666667,72
90046.02099887481,85982.1875,32
90054.71024663202,85258.70370370371,27
90061.6223165576,79350.9375,16
90061.66910573638,88521.74193548386,31
90064.61174803092,107119.7,20
90080.94212985634,127285.95,40
90105.2898437434,102484.06944444444,72
90119.1681667954,75668.6875,16
90122.49749343644,108690.42857142857,7
90124.37099887482,95349.0,34
90135.60552848516,82671.5,40
90148.15307490352,82502.5,20
90148.82351138478,83957.16666666667,12
90173.5634574622,83504.96875,32
90176.71640621728,95585.0,7
90179.27892303736,101171.9,20
90184.71842519632,89227.5,22
90198.63701792498,77011.08333333333,12
90234.01879684949,83739.57142857143,7
90260.7851004334,86946.96875,32
90291.73352477864,112410.0,12
90331.76856969752,98337.60869565218,23
90346.9616445726,88780.54545454546,44
90353.10520197132,100967.65714285715,35
90353.13266491638,78463.0,24
90368.8481377032,99188.1052631579,19
90373.65917363374,87371.42857142857,14
90375.6744775612,88459.71794871795,39
90400.46992123696,149188.0,2
90418.2271271532,84878.93333333333,15
90424.04377602748,97018.39130434782,23
90429.76768826856,83374.71153846153,52
90464.37296530193,97151.31818181818,22
90471.23752230928,81500.0,20
90481.67509829454,98182.88235294117,34
90488.35117183748,96756.11111111111,9
90505.76133183308,84990.2,25
90527.94440222452,85403.81818181818,22
90533.07388299564,85299.04545454546,22
90559.20276294694,94240.63636363637,22
90568.8787932828,107678.23076923077,13
90591.4667374182,106729.16666666667,24
90591.46992123696,137162.0,1
90608.90232856772,87218.84210526316,19
90682.34095714056,86777.5142857143,35
90717.1201710558,86067.54,50
90718.34384009516,98721.0,7
90749.23019079302,103416.5,36
90785.1646942824,92392.73333333334,30
90806.76755905456,96093.04347826086,23
90815.8343104814,86364.54901960785,51
90823.66632679364,93594.1914893617,47
90823.71522548264,99330.1,20
90824.3242721579,97036.63414634146,41
90828.54849606183,103275.0,6
90867.59437805536,98328.54285714286,35
90868.94377602747,90564.26315789473,19
90870.67588080856,86053.3,20
90878.40999536688,95282.55555555556,9
90878.65046328458,98342.04545454546,22
90895.26837401546,77410.75,24
90914.2091338577,94524.46875,32
90940.38084612266,84004.64,25
90942.12346977252,92003.29166666667,24
90988.64012968936,96240.28125,32
91001.2809693444,84760.64285714286,28
91016.09126255717,86293.54166666667,24
91023.54565685838,95920.36363636363,33
91028.41729319104,92590.46296296296,54
91031.22746735744,85925.34285714285,35
91074.86973923683,86276.69230769231,39
91080.71356955326,107012.91666666667,24
91085.62121759116,89996.48148148147,27
91089.83479236266,100047.13333333333,15
91093.1254803146,91325.79487179487,39
91094.2883820153,87854.75,8
91107.8083128368,94208.0,24
91117.76510236188,110332.1264367816,87
91126.0319548095,96500.76190476191,21
91143.1960582193,87891.38461538461,13
91145.27551633606,95889.10294117648,68
91146.34972547228,77173.0,2
91187.72779394024,75839.10344827586,29
91196.23829455952,92170.375,48
91197.74555430537,77622.22727272728,22
91211.42961825916,74861.6,10
91231.93574356363,95314.63333333333,30
91249.50917097116,97357.03225806452,31
91260.3053785567,96708.0,7
91268.528644145,85360.5,38
91292.97994749132,132144.0,2
91298.8972279667,84042.97222222222,36
91303.29723236672,88212.54545454546,22
91309.46252465762,87466.21428571429,14
91319.41734077517,97204.5142857143,35
91332.59879684947,91415.55555555556,9
91341.44333041618,95871.09090909091,11
91345.25321766904,92388.23333333334,30
91354.16610965252,90427.72972972973,37
91369.90954988768,86354.58333333333,12
91372.35354002575,95122.82352941176,17
91404.98187429676,126544.30985915494,71
91423.94631302584,88494.27272727272,22
91454.96992123696,147846.0,3
91483.72754247783,124615.8085106383,47
91512.44924803093,98445.5,22
91530.72038858748,94805.67567567568,37
91549.97994749132,142392.0,2
91553.94110235966,82751.0,3
91560.74278703428,82958.33333333333,3
91593.30225560242,90138.68965517242,29
91597.89799474916,94169.1,10
91600.78586456632,77447.14285714286,14
91615.094103605,86654.85714285714,21
91632.96603921124,88238.64,25
91665.13120706014,93059.40909090909,22
91699.85830764048,96445.58823529411,17
91717.6078320206,94706.18421052632,38
91763.48485489248,95934.5,18
91766.25610480065,158575.6551724138,29
91766.5819402182,82425.26666666666,30
91779.70134463916,84994.92105263157,38
91800.20790331336,91436.44,50
91816.61027558992,101261.71428571429,21
91821.31062007732,91738.81818181818,11
91821.58291557274,93680.29545454546,44
91827.2099986182,88508.83870967742,31
91836.99958796214,92597.6,25
91860.77837026132,86908.65217391304,23
91872.29261046162,94629.88888888889,36
91875.25612395078,93499.44444444444,9
91897.0321072566,148088.01694915254,59
91936.58353842895,92470.71428571429,49
91937.00989307868,91934.33333333333,18
91946.98192844276,86134.14893617021,47
91948.19847861095,87348.59649122808,57
91952.79131778252,122742.11111111111,9
91964.71371278548,97502.96610169491,59
91970.46622105537,79509.72972972973,37
91973.19277340206,90910.57142857143,7
91982.7587321832,100159.94285714286,35
91983.57758846354,77131.0,17
92041.56203001933,95532.66666666667,30
92087.49613684464,92409.86956521739,46
92095.23984374011,93953.86206896552,29
92097.03031749916,144081.5,4
92105.29659239306,88368.41666666667,12
92107.9990744996,94627.9756097561,41
92115.21798186951,104723.95238095238,21
92119.51332855984,116915.0,12
92124.8755738272,94527.62,50
92135.54337401544,92317.87096774194,31
92155.10163158143,93696.20454545454,44
92165.13581069358,131518.28301886792,53
92178.0337912928,89246.51851851853,27
92198.21877856676,99294.94444444444,18
92204.57543307036,91775.71428571429,21
92207.43776027489,114246.5,2
92210.90039447992,98223.46153846153,26
92214.15050191326,88186.28888888888,45
92256.60074384297,85235.32142857143,84
92288.09612733845,84364.91304347826,23
92300.05969458292,90371.84615384616,13
92316.85205650696,93635.95,20
92330.3157409192,92616.5,38
92347.7819036903,91929.68292682926,41
92379.51654991347,90553.25925925926,27
92386.6629007382,91969.86666666667,75
92388.88849570246,91264.23684210527,38
92391.96399814676,96861.93333333333,30
92395.49356140774,89660.73076923077,26
92398.9716652081,84402.07407407407,54
92422.89315374932,84239.625,8
92436.3793660916,85067.93939393939,66
92437.48997374566,140108.75,4
92451.99869222767,98062.29268292683,41
92455.32457641534,92211.88,25
92471.59184990708,95076.09523809524,21
92485.76169224532,90498.9,20
92506.90517461732,104070.95833333333,24
92510.1201038873,100173.86363636363,66
92518.51807389372,90465.92307692308,13
92535.16300550636,90675.28947368421,38
92546.73737907708,89636.61904761905,21
92612.4697035658,88090.0,11
92614.96174803092,76833.35,20
92627.47703124175,92004.83333333333,36
92635.26118860088,89282.52380952382,21
92651.63499641987,103648.0,8
92695.69249820992,96730.25806451614,31
92700.11193294312,80462.16666666667,24
92703.897591134,76507.8,25
92704.429999003,93388.85185185185,81
92750.48304531438,91078.64285714286,42
92767.07449868727,101443.25,20
92808.43113457356,78926.13043478261,23
92826.59933158304,78885.80769230769,26
92839.997686249,101986.6,5
92853.30462992078,98802.42857142857,21
92856.91595050565,87638.8,30
92876.84978388244,73266.6,10
92885.77020669244,94844.54545454546,55
92907.86477376826,86817.58333333333,12
92929.31118110186,96215.86363636363,22
92972.48302552952,88790.85714285714,7
92991.56803767131,95278.84,25
93018.83104559575,103115.30303030302,33
93028.55608085023,85775.64705882352,17
93058.64702276955,84039.83333333333,6
93095.83874859352,99540.16666666667,42
93104.74673518392,71093.25,16
93119.93340486234,77260.44,25
93122.859998006,92612.65217391304,23
93192.1992922644,86747.9,20
93203.1334127131,99255.94444444444,18
93221.26367635028,101462.61538461539,13
93222.57366180667,96687.72222222222,18
93223.22771203534,96159.39130434782,23
93252.24785151694,78189.375,16
93267.2851004334,95984.04761904762,21
93274.85776001848,87754.875,24
93323.14703411987,86142.72727272728,11
93324.56283463912,170689.0,1
93324.81909655996,87130.02631578948,38
93349.17325915732,86761.28571428571,21
93381.92883354591,98836.92307692308,13
93393.02278947654,89641.37931034483,29
93413.08082676976,89756.66666666667,9
93426.9194695388,87821.125,8
93433.04217048857,110779.75,12
93441.81842395649,80559.74509803922,51
93452.73266491636,102633.8947368421,19
93459.46371726684,98566.55555555556,9
93475.62939842472,104578.0,60
93481.29933158304,85892.04347826086,23
93485.88769120612,86487.35714285714,42
93528.3287331802,100128.7027027027,37
93529.09839408936,86817.89655172414,29
93546.5061028732,102512.775,40
93547.24749343644,89398.88888888889,9
93555.0398374393,89602.20588235294,34
93556.82352001742,86415.86046511628,43
93558.04295515196,91682.22448979592,49
93568.82815582202,95650.64705882352,17
93571.61144633208,87993.68292682926,41
93572.17349606183,115819.33333333333,12
93574.34305223262,86622.575,40
93575.4674451327,81652.55,20
93601.62431639174,87107.3,20
93618.29104002575,93253.63157894737,19
93639.34651831465,99289.3,10
93673.23737907708,87639.96551724138,29
93692.30388451317,81306.4,10
93702.16599824972,106462.85714285714,21
93737.6041955861,92358.78947368421,19
93746.71378018886,108264.96721311475,61
93748.22386588626,89773.13333333333,15
93750.5341842148,89015.6875,16
93762.6503758724,91822.38095238095,21
93772.99248030924,102725.33333333333,3
93807.975178825,89512.36842105263,19
93815.31533716146,85100.44,25
93822.52108524428,84103.81818181818,22
93868.32927672654,92062.76666666666,30
93901.65542407068,98161.25,8
93906.51484373683,91680.16666666667,18
93909.6388353776,110169.53333333334,15
93916.61968870136,87312.27586206897,29
93921.74832895762,98666.42857142857,7
93922.10928930627,86430.72222222222,36
93930.30120553856,108690.5,52
93941.94249820992,85609.9,20
93949.3756972309,106430.5737704918,61
93972.66484371132,97075.0,10
93994.43759369897,95652.0,6
94006.52814173196,179086.125,16
94006.59924803092,109685.44444444444,18
94058.39759369896,95385.5,6
94065.04104002575,78784.88235294117,17
94084.0982400272,93370.48,25
94117.22830374978,97266.33333333333,36
94128.68873633468,90494.0,24
94139.31328082464,76656.0,2
94145.85944006871,75094.25,4
94151.17539298467,100177.81132075471,53
94154.14520669244,92046.13043478261,23
94169.69021469406,79134.02857142857,35
94170.87064431436,97729.6511627907,43
94176.14560783505,90284.38888888889,18
94189.53063494623,80205.16666666667,12
94218.54712112976,94492.96296296296,27
94264.28674803092,96740.38888888889,18
94275.75260058184,88474.08695652174,23
94292.63939842474,93634.27777777778,54
94343.38345850912,90850.10638297872,47
94350.9454207378,95891.97435897436,39
94395.1863845932,96987.4827586207,29
94401.47703124175,95396.3,50
94425.28789059144,94121.07142857143,14
94446.1523036532,81341.71428571429,7
94511.1227141046,93361.21052631579,19
94522.38078740097,91387.70588235294,17
94549.33478639614,96167.85365853658,41
94567.89026601282,109392.7,10
94576.3921164386,95082.7,10
94588.06836842964,94847.38461538461,13
94599.88822047193,89807.4,25
94621.20314668956,93819.48076923077,52
94644.11677971938,87890.76,100
94648.26678290132,108840.22033898305,59
94694.13813587149,135939.2888888889,45
94697.0153955752,100290.0,20
94697.58822047192,94239.27777777778,18
94713.59288046596,107692.15625,32
94716.98849074008,99744.28205128205,39
94718.11557956364,107128.37037037036,27
94719.08101880076,94853.05882352941,34
94736.42237032203,95408.31428571428,35
94780.70738380756,69721.15555555555,45
94784.95808003387,106030.81481481482,27
94795.99699212368,103922.0,5
94833.10442694154,102431.0,2
94839.11327442128,92667.0947368421,95
94853.38272624982,100106.62711864407,59
94865.45999823004,93477.05263157895,19
94868.01276212154,81230.63888888889,36
94922.22603674512,97543.97142857143,35
94929.11951873978,94526.93103448275,29
94957.41385601768,94330.90909090909,55
94981.69438832284,80609.64285714286,14
95020.73679909985,98040.44186046511,43
95050.37952005892,91374.0,10
95053.11871415112,98107.06756756757,74
95081.20606349983,96643.23076923077,39
95117.70148768587,88591.8,25
95124.57103793812,93489.12195121951,41
95210.90627723809,91194.33333333333,12
95253.51114851996,93528.10909090909,55
95256.6155343078,96143.61764705883,34
95263.90770497682,101583.65,20
95302.86786627004,101524.06666666667,30
95313.25734251933,92589.38461538461,26
95318.61044269416,91134.16666666667,18
95326.53517716494,104674.88235294117,34
95339.28130092334,91469.6,10
95340.41541338486,113219.5,8
95346.51230634592,95933.86206896552,29
95370.58359373566,93640.4,20
95373.92873017568,111202.65217391304,23
95379.21038158605,79023.15384615384,13
95395.2213393942,103217.14102564103,78
95416.65679909984,92967.44444444444,54
95437.22254676734,106834.96296296296,27
95443.3453825958,99312.65217391304,23
95463.17767015392,90832.27142857143,70
95484.40895088072,99565.66666666667,24
95495.10965968198,95328.60714285714,28
95573.75888791653,91141.74418604652,43
95586.8625246576,86436.33333333333,21
95603.2329849672,101673.94444444444,18
95634.1689328186,89499.66666666667,9
95643.78428196366,88881.7,10
95660.99699212368,100462.0,5
95684.90817943144,112471.65,20
95754.44134872685,89820.75,32
95788.08999905104,89774.89743589744,39
95832.99845749934,107102.58333333333,12
95890.83905511769,102138.5,40
95895.68104434072,98918.66666666667,6
95903.42168792216,78889.5294117647,17
95962.9984169072,115241.33333333333,12
95969.4848606074,112005.44444444444,9
95974.45582676976,99319.0,9
95974.90517461734,91788.45833333333,24
95995.65153240286,100195.85714285714,7
96002.88230163362,107575.0,10
96003.97994749132,148172.0,1
96028.92349606183,96280.33333333333,6
96039.68278281612,82154.07142857143,14
96057.25711177808,96808.90625,32
96057.37380543532,92763.58974358975,39
96058.20854402248,104554.3125,32
96061.71608353204,102316.41860465116,43
96088.58627968986,105741.9,40
96103.8458233103,93151.88888888889,36
96106.78935229796,104490.17647058824,17
96116.35080939166,96768.22,50
96120.56594168847,103647.8,10
96155.31974157016,87688.59090909091,22
96158.05472003436,98617.39130434782,23
96177.86676238933,98607.65217391304,23
96200.6343221956,102373.5294117647,17
96225.76531747312,95511.35294117648,17
96229.21213723122,121564.375,8
96243.71271195717,131009.73684210527,38
96251.05369393992,85034.08333333333,24
96258.07184601756,99715.0,6
96261.7097347694,89390.0,22
96270.15626748114,85361.0,20
96280.96992123696,167204.0,1
96291.7730933628,100454.07142857143,14
96301.47055117984,86427.85714285714,7
96324.47465190568,100273.28571428571,49
96336.97493729922,97954.5744680851,47
96338.26165408605,99977.94871794872,39
96347.00870224512,86107.40625,32
96353.72075749969,99677.25,12
96366.96992123696,171625.0,1
96368.31328082464,172115.0,2
96378.67834717866,101207.91891891892,37
96386.4905343078,92421.67647058824,34
96400.78428196369,108209.44444444444,9
96414.25775103904,95658.58333333333,12
96422.20870713668,135019.84210526315,19
96438.5334847087,109540.22222222222,9
96456.81271295216,119753.33333333333,3
96456.84522834574,117402.92307692308,13
96460.13403694688,95343.4,25
96461.48399549926,94789.72727272728,11
96528.44535432987,95430.66666666667,6
96533.0251927594,98216.28571428571,14
96541.14873382154,94576.45833333333,24
96556.01918045864,110747.71428571429,14
96569.66088003638,97449.30434782608,23
96572.75403416652,97276.68421052632,38
96589.45363397688,107489.31578947368,19
96628.50619496442,111184.07142857143,14
96632.2819548095,102288.28571428571,21
96669.32089145064,101876.97368421052,38
96699.23974484144,97021.25,16
96700.7413389592,82372.78481012658,79
96711.08564874945,95591.6875,16
96735.69924803093,97556.11111111111,18
96753.4730509734,113325.82608695653,46
96759.70337806302,81883.8,25
96778.55332749904,97372.83333333333,6
96791.98834991729,123187.75,44
96797.97289266413,107079.2,15
96854.19489887204,98244.71428571429,7
96880.21174803092,88166.89285714286,28
96886.38714124972,91062.43478260869,46
96902.51693932322,93546.19230769231,26
96933.12249343644,89135.0,1
96954.45783202062,118417.33333333333,24
96974.94314429746,92642.95454545454,22
97010.08270669244,101485.64705882352,17
97017.26293654335,105027.75,12
97020.51424003748,109609.91666666667,12
97022.01620418056,112507.63333333333,60
97025.31919789963,108844.4705882353,17
97057.5498858705,102878.25,24
97091.57815582202,82025.125,24
97101.72212430795,101807.85714285714,14
97102.35723449166,103635.38636363637,44
97109.71706436128,165369.4090909091,44
97134.38058360218,129045.66666666667,9
97150.9881600142,94462.37142857142,35
97179.0398374393,101849.53846153847,26
97196.07433665045,104712.375,8
97212.57753144464,88398.4,40
97215.92121602152,103272.02857142857,35
97224.26780359737,99625.39130434782,23
97224.84514590054,108353.07692307692,26
97227.32900925796,99569.86363636363,22
97261.46992123696,175479.0,1
97266.14405568804,103598.9,20
97300.85531389616,100378.90322580645,31
97307.10442694154,91298.0,2
97312.2530974822,96424.95238095238,42
97326.59131371677,94461.0,19
97329.67176338214,98269.88888888889,27
97335.74278703428,105253.55555555556,9
97343.8782731461,106124.5294117647,17
97353.81252574146,108642.38,50
97396.26382121284,102876.0,21
97434.35542239384,97795.14285714286,28
97443.20317823804,105031.0,7
97453.35820310864,92496.08695652174,23
97459.46992123696,168600.0,1
97503.54753316764,157211.96078431373,51
97563.4697035658,101239.91304347826,23
97569.51921135806,104479.26086956522,23
97585.51082588326,103666.88235294117,34
97594.16804990226,93157.16666666667,18
97602.52698522244,103932.37681159421,69
97616.03132808248,107224.0,6
97616.32815582202,96023.73333333334,15
97626.40095130936,95056.94594594595,37
97628.9719989136,110481.02325581395,43
97645.44249820992,84190.04761904762,21
97651.1293228316,71909.5,6
97660.47057721052,99357.6551724138,29
97662.42026108518,98324.58333333333,24
97669.46268100577,79598.375,16
97673.73525901248,88404.625,8
97679.2709043174,112996.11111111111,9
97683.397697721,94062.64516129032,62
97685.17222908254,104475.28571428571,28
97706.44758439624,100259.19230769231,26
97722.10510303135,97685.03921568628,51
97733.77449868729,99276.72727272728,22
97742.84281003864,98627.46666666666,15
97762.5938057732,98290.5,14
97765.097449436,90496.25925925926,27
97766.34384009516,98823.22222222222,9
97782.07460932594,102949.1,10
97785.61686819544,96457.16129032258,31
97821.33939842474,110392.50793650794,63
97821.88805336769,102362.70588235294,17
97867.73620886814,100542.5,18
97879.1603200399,103135.3125,16
97894.57035432987,120165.0,58
97895.226394433,87095.41304347826,46
97910.8093650946,101319.09375,32
97933.97994749132,156587.5,2
97942.27314852703,92126.94444444444,18
97947.25345168136,105603.625,16
97958.91919789964,93389.0,23
97961.9994531134,79503.13333333333,30
97970.5565354322,88801.33333333333,6
97972.82352001742,99024.61333333333,75
97988.59293228317,92267.5125,80
97995.93233070787,108078.38095238095,21
97997.95708005154,97274.25,8
98003.5705691782,108863.58333333333,24
98031.54603476364,104504.72222222222,18
98038.11256692784,105106.58064516129,31
98054.54849606183,94727.5,18
98089.4213594726,112373.8,30
98092.17209682066,96666.73684210527,19
98117.7038618463,105053.26086956522,23
98132.55324111453,101435.53333333334,15
98175.51516698187,87542.0,4
98177.20499768344,102420.64705882352,17
98181.8186859422,101472.59375,32
98208.7531872643,104212.44117647059,34
98209.78796849478,147596.0,1
98211.57530183691,96353.38888888889,18
98223.76751873978,93904.66666666667,21
98240.82948885548,117504.14285714286,7
98278.90726795376,105815.11111111111,9
98279.40772369258,93070.21428571429,14
98282.22791338486,90045.0,14
98293.80477736704,116389.98809523809,84
98301.03730466295,97493.0,9
98303.83249781214,118520.13333333333,15
98311.0386821378,92503.86666666667,15
98320.29323297756,95379.45454545454,11
98331.95218503864,111410.13043478261,23
98371.05297589676,101714.54838709677,31
98387.12666262756,100971.0,6
98391.35117183748,116613.375,8
98393.61587771984,106269.625,8
98396.86405192532,90644.5925925926,27
98401.13999778133,98817.65,20
98413.82948885548,96426.9,20
98447.3356882972,95855.76923076923,26
98451.802675925,98618.11764705883,34
98480.90531003864,95478.4,15
98484.66548710733,178265.07692307694,13
98486.92509218928,96743.28,75
98488.38805336769,112528.15789473684,19
98492.6806576096,91641.08333333333,36
98495.3112467182,107568.92307692308,13
98503.93512618556,90453.07692307692,13
98549.32999124857,91663.14285714286,7
98557.4688188963,111178.375,8
98574.9194695388,84124.0,8
98589.82161036249,102884.07692307692,13
98591.18911193004,112284.8,15
98614.59933158304,112364.79166666667,24
98623.49869222767,90093.5,16
98629.01293228316,115220.47457627118,59
98638.1097742772,96898.5,16
98662.79933158304,103377.66666666667,21
98665.141342108,97602.44444444444,27
98686.7939842474,108354.25,4
98689.23527912892,92888.74418604652,43
98700.352845891,104235.14285714286,7
98705.5900774998,100118.54285714286,35
98762.08372614362,101443.6875,16
98765.06060948451,101409.9512195122,41
98766.84890303064,90742.84210526316,38
98782.31328082464,151650.0,1
98803.646614158,145437.0,1
98809.68562007732,89808.0,3
98814.64310761052,94130.63636363637,11
98818.48822047192,88847.0,10
98823.63437031422,95301.3875,80
98836.8100643299,90864.69642857143,56
98845.1498608558,97063.22222222222,18
98866.4969921237,134121.0,1
98876.9709988748,108717.1875,32
98900.87333191418,110077.85714285714,28
98914.80120553856,97653.9705882353,34
98936.73024006037,89422.16666666667,6
98957.3453825958,79806.56,25
98958.15712220872,101851.53846153847,26
98960.79828121356,94109.25,12
98976.3078992898,92897.52631578948,19
98992.3441361204,110620.58823529411,17
99001.90772369258,119360.58823529411,17
99010.8576533486,115547.88505747127,87
99016.8505384118,100000.44444444444,18
99025.89340991148,114966.5,30
99047.04992692429,107702.60606060606,33
99056.20722955748,110248.09677419355,31
99057.69389563517,100353.625,16
99058.52938454028,101988.92857142857,14
99069.46992123696,165596.0,1
99077.24060128708,97781.25,12
99079.83773939472,98482.6875,16
99085.8946493311,109527.61111111111,18
99104.9773609063,94938.5,22
99106.95521396682,104218.48076923077,52
99109.98463539816,109234.41666666667,12
99117.17794467884,90921.125,8
99120.35759369897,120858.25,4
99148.99908852232,107414.6,25
99161.30809148747,94094.35714285714,14
99169.64458005154,94534.46153846153,13
99171.09428321388,124267.06666666667,15
99205.39302791627,105530.75,20
99206.9519035117,95594.83333333333,24
99209.29282437472,110682.5,46
99217.35944006871,108529.66666666667,45
99235.2493733591,101599.93333333333,15
99245.91541338486,113560.46153846153,13
99246.91425364334,99821.73076923077,52
99256.1152053097,89021.12,25
99290.41684915332,95485.64705882352,34
99298.54900758986,108838.76666666666,30
99319.31473407848,101111.14285714286,14
99334.15919789964,129791.76923076923,26
99344.7939842474,64912.0,1
99374.96992123696,141429.66666666666,3
99378.01270057396,89203.875,24
99379.6696685986,93802.27272727272,22
99394.49110861067,100121.04347826086,23
99395.52872001438,91262.19444444444,72
99421.08817465793,110596.85714285714,7
99452.47759369896,72910.16666666667,6
99464.65664041232,146597.0,1
99480.44794669838,98108.4375,16
99480.51620418056,97440.15,20
99513.1686753123,92904.16,25
99554.8012598421,109033.54,50
99563.54844848554,98011.57142857143,21
99603.78796849478,122683.0,2
99607.42349606183,104519.3,10
99640.07349606184,104968.5,2
99672.6329555278,111002.6,40
99696.196228217,86959.70833333333,24
99709.7292038488,109209.51162790698,43
99714.17511330132,96038.7741935484,31
99737.54753316764,104150.87096774194,31
99739.27349606184,94891.5,6
99771.20188976316,98464.0,12
99791.56354584637,100553.5,16
99813.05253123298,96545.64705882352,17
99852.49597008976,93716.07142857143,28
99858.84666189316,110517.0,9
99881.15194225658,104766.28571428571,14
99893.80809148747,124984.90476190476,63
99900.91097205727,112055.53333333334,30
99905.7315470771,97213.17391304347,23
99930.39394982495,119397.9375,16
99930.52193912292,102317.88372093023,43
99947.85820310864,101038.66666666667,72
99962.30838119466,114484.33333333333,33
99978.6862467182,102091.84615384616,13
99995.57393462044,104503.0,9
99998.32771203536,103643.0,16
100005.38833187475,102110.25,36
100005.44864273282,111150.46153846153,26
100011.7601695938,93726.54545454546,33
100015.19919789964,115793.63636363637,11
100028.06196287923,90299.93333333333,30
100030.44249820992,106515.0,26
100039.88339145064,91942.68421052632,38
100068.646614158,178597.0,1
100093.48036745322,101140.83333333333,12
100137.4955893108,105221.64705882352,34
100141.42811911636,96851.82051282052,39
100189.92896008532,87637.66666666667,6
100202.52248263056,102168.54285714286,35
100259.51270057396,94891.72222222222,18
100324.8680792169,103200.375,40
100337.74281849324,93929.125,16
100356.18368988422,97906.23076923077,13
100357.37584211004,88236.85714285714,14
100367.32576620142,100785.55555555556,9
100393.34940249848,101191.0,4
100408.08208005154,97475.0,15
100424.02937007732,89564.0,4
100429.03180069628,112677.71428571429,42
100449.18911193004,92914.93333333333,15
100471.33848759384,95673.2,10
100473.74391847989,99638.46666666666,15
100476.29188530636,112377.95238095238,21
100507.8983822472,118840.68181818182,22
100516.72810385063,90475.625,8
100537.44578532828,100755.58333333333,12
100552.09281003864,91631.85714285714,7
100557.78240774064,96581.67857142857,28
100568.53691405572,94251.3164556962,79
100576.92424803092,107549.54545454546,11
100586.40437007732,105944.8,10
100589.79879684949,98084.6170212766,47
100609.9004918824,140633.05714285714,35
100626.30809148747,83153.75,4
100636.77937007732,106961.8,10
100656.82780103596,89578.8,10
100671.4646614158,106746.44444444444,9
100676.01686819542,105828.65,40
100676.40627723809,102690.87234042553,47
100678.81517618777,93558.64516129032,31
100689.83759369896,104517.0,11
100707.70895257252,153473.32,50
100715.18939842474,105363.42105263157,19
100753.05881032153,115549.51515151515,33
100770.91729303983,112294.2,5
100776.33978555824,118942.11111111111,36
100813.64322072496,118778.0,7
100852.3469921237,94404.0,1
100893.11480617763,113903.43137254902,51
100899.32530290764,98508.66666666667,12
100912.7836898842,89180.15384615384,13
100933.09499697064,110174.33333333333,9
100949.92192004758,97810.14285714286,14
100963.21522548264,94166.08695652174,23
100975.83016001996,92598.84210526316,38
101009.27919789964,99856.84210526316,19
101028.36676238933,98421.0,13
101040.11163104566,103404.42857142857,21
101106.62771203532,92948.3125,16
101124.03031749916,122336.25,8
101127.93829076189,117017.85185185185,27
101140.03759369896,98061.11764705883,17
101142.82984373036,104523.70833333333,24
101152.35208519764,148507.61904761905,21
101156.45660749955,111104.55555555556,9
101160.81098231536,101091.64705882352,17
101161.886224929,121563.52,25
101204.50656481304,98814.15789473684,19
101211.16732821411,150078.02325581395,43
101215.18837624964,106195.26666666666,15
101231.31370078654,90580.22222222222,9
101239.59187007732,94232.35714285714,14
101253.8741644788,91025.57142857143,14
101258.18368988422,93396.23076923077,13
101268.79771791644,97730.26666666666,30
101305.78581061945,101438.54166666667,24
101317.64955836844,91752.33333333333,12
101318.64702276955,89350.0,5
101327.15408228835,87355.21428571429,14
101327.59531803172,97888.2258064516,31
101328.38255207428,93078.546875,64
101343.05879684948,105612.16666666667,18
101349.2578320206,96443.33333333333,24
101357.09030143912,101953.6,20
101358.66017716494,100296.55555555556,27
101377.4554240707,104286.0,7
101389.1879684948,131699.0,2
101398.90517461734,114015.59090909091,22
101413.69179352542,107117.96153846153,26
101417.52938454028,97016.41176470589,17
101418.58359373566,109287.5,22
101419.76856969752,77248.60416666667,48
101434.21931936395,121007.05555555556,18
101450.7819036903,97405.36585365854,41
101457.3440322897,94087.94736842105,57
101467.34767716494,110195.88571428572,35
101497.70586785296,110146.84210526316,19
101505.9995543887,87507.40625,32
101508.40817943144,96656.46666666666,15
101509.37666528486,100029.28,50
101514.85542239384,104300.07692307692,26
101519.15683934164,107416.36363636363,11
101524.1523036532,88606.33333333333,12
101562.64990138324,100693.3947368421,38
101601.59437805538,96052.6,35
101615.73671872908,122162.35294117648,17
101621.70928930628,95621.81818181818,33
101631.19535432987,95663.0,22
101643.06844691788,100097.82222222222,45
101663.0255638476,105429.09677419355,31
101680.82629797223,103479.39285714286,28
101685.6243733591,100569.38888888889,18
101689.1678633986,100869.32,25
101712.49812007732,103723.14285714286,7
101713.46174803092,98158.625,24
101721.61426100388,106229.70833333333,24
101732.90964004418,91980.93333333333,15
101751.76958005154,95545.07692307692,13
101784.79936676288,108054.15384615384,26
101822.88442338472,99332.71428571429,28
101855.42241946892,103272.16666666667,6
101859.24832895762,106874.15555555555,45
101862.21285339224,102626.6,40
101897.27722076364,117767.55172413793,29
101904.83779295936,95885.39024390244,41
101911.09566075268,100411.19444444444,36
101930.94717544806,77936.16666666667,6
101931.1291270103,103417.2,15
101989.59936676288,107305.84615384616,26
102003.8502973319,96137.1052631579,38
102005.728644145,103438.34782608696,69
102017.74263779496,101809.04761904762,63
102021.58967083997,110982.6,25
102025.96992123696,163642.0,1
102026.74164786056,98946.81818181818,22
102032.55134093243,102036.26315789473,19
102033.37139351714,90835.28169014085,71
102035.67599757652,89244.1,20
102054.52741396036,121726.56666666667,30
102092.98623172044,97471.25925925926,27
102118.68758077496,116446.8,25
102127.76515501933,104844.22222222222,18
102127.86218962292,101719.9375,16
102144.69799474912,115216.75,8
102146.06844691788,101486.10714285714,28
102149.64399883314,95446.5945945946,37
102152.91583114548,117519.26666666666,15
102174.646614158,125631.0,1
102183.46733800435,104023.66666666667,18
102190.64924803092,92694.57142857143,14
102205.4116535395,96910.0,2
102205.9012852411,101559.875,8
102208.0262140875,81329.86666666667,15
102217.26888638848,84197.83333333333,12
102225.1260292456,101508.13043478261,23
102243.12701960078,109404.55555555556,27
102275.9924811523,105426.5,28
102286.56148630143,95531.4,20
102296.26725840672,98342.0,3
102296.55639086022,126495.81481481482,27
102303.99570303386,97027.85714285714,7
102322.39720260724,102777.67647058824,34
102327.89026601282,90849.8,5
102339.72968128948,100554.55172413793,29
102357.4312218883,93968.86363636363,22
102370.22511159757,99802.18181818182,22
102395.20582676976,100791.4,5
102395.89679909984,109654.83673469388,49
102401.13723956866,93175.58823529411,17
102443.97014264455,114362.06666666667,15
102444.28299088562,93193.328125,64
102450.83174715017,111985.64814814815,54
102456.83676911208,79132.6,5
102462.67082083886,114783.125,40
102467.37584211004,98320.22222222222,9
102473.11676238933,114414.78125,32
102493.16457363016,111768.16666666667,36
102509.93878628762,117220.69565217392,23
102528.30781836448,94954.75,28
102529.67040880102,99886.6875,16
102564.02204366447,80503.6,25
102586.54749848532,101801.0,23
102591.17644094386,73730.85714285714,7
102596.83283202062,99979.08571428571,35
102601.43755713353,91425.66666666667,9
102606.01342632103,92234.375,16
102672.4321670641,99996.0,6
102685.97361933166,101599.23333333334,30
102729.51305336769,99195.76470588235,17
102740.97219070188,90005.70967741935,31
102765.08101880076,104695.04347826086,23
102797.97005823949,109269.28395061729,81
102836.28084285176,97143.875,16
102845.57870459594,99081.125,8
102852.97210111776,87450.42857142857,14
102859.31325398224,108635.66666666667,21
102872.79234830808,84629.0,2
102888.70870713668,93173.78947368421,19
102903.07773776064,91127.4827586207,29
102921.56469428238,98433.62068965517,29
102937.06566404123,116854.23529411765,17
102938.81681460168,83363.66666666667,6
102943.27531579732,110491.42857142857,14
102965.83874859352,100590.16129032258,31
102978.18864722949,156952.36363636365,33
102982.032878686,112819.06666666667,15
102995.11748030924,196228.25,8
103008.15292065345,109365.21739130435,23
103053.97994749132,122993.0,1
103070.88485489249,110887.11111111111,18
103071.96254259044,115607.55555555556,18
103090.99914060676,96429.88235294117,17
103175.10776902632,130929.0,8
103190.3072295575,106262.29411764706,17
103195.37999749958,98850.47826086957,23
103195.3823307079,112607.35714285714,14
103201.05104848616,89143.25,4
103214.80451104757,99121.45454545454,11
103238.86338716056,112807.54545454546,11
103241.46992123696,111862.0,1
103261.02601630508,99399.1,30
103273.0184282838,97316.6,10
103334.04899737456,114177.72222222222,18
103338.37218038613,97745.11764705883,34
103399.91837695922,109208.78260869565,23
103412.96508207584,117752.07142857143,14
103414.5530343078,107554.44827586207,29
103516.1764537022,109139.83333333333,30
103545.57101933657,173215.0,2
103566.25851657375,110063.23809523809,21
103579.38805642068,99177.4,30
103579.76629921196,91031.09523809524,21
103582.04819413892,111517.0,13
103593.6366357741,90542.15384615384,26
103612.05549073906,113425.78125,32
103654.03079115038,105438.73333333334,15
103684.90298107434,106719.62962962964,27
103710.66561127148,96060.36363636363,11
103714.3288618463,108582.95833333333,24
103739.43451358828,113962.3125,16
103762.61105697029,100413.73076923077,26
103776.56196287923,107555.36363636363,22
103777.90032927664,107219.15,20
103780.33242185568,105190.25,12
103819.12806197538,106694.5,22
103823.7646614158,105244.5,8
103827.17486273614,90940.4705882353,17
103841.13173423531,100390.8813559322,59
103869.78605583256,111674.4,5
103885.24934611384,98586.1052631579,19
103893.90726795376,79478.0,3
103908.57863074986,104404.08823529411,34
103911.07229557492,69441.0,1
103923.49591125891,97979.3125,32
103938.40627723809,104216.52380952382,21
103968.59759369896,97065.27272727272,11
103983.78991001104,116435.64444444445,90
103988.83676911208,111235.125,8
103992.99009198572,104091.56862745098,51
103997.24281849324,100929.90909090909,44
104010.96992123696,144172.0,3
104013.7785270952,109193.28571428571,21
104025.3992922644,107062.70370370371,27
104026.76942347673,99177.08333333333,24
104029.10939842474,110984.04545454546,22
104033.5530343078,101984.02857142857,35
104045.12908886332,112876.75,12
104060.66288310073,98505.73809523809,42
104080.93940063394,119204.45454545454,11
104106.67163349951,119002.6,15
104112.14467614898,99176.6888888889,45
104122.86683795984,129243.5,40
104144.42791035686,126300.11764705883,17
104167.03356580265,103999.2,10
104170.49879684948,97758.16666666667,18
104182.17192004758,112843.0,7
104186.08784610726,107369.30434782608,23
104212.23847654862,99704.75862068965,29
104212.53998567944,125649.83333333333,6
104222.2362685165,103298.57894736843,19
104260.35419185457,107191.52631578948,19
104266.02084994662,167554.44,25
104269.13339145064,104254.0,29
104272.98496061849,101717.25,4
104298.40760341512,106067.53846153847,13
104318.80274200928,105879.84210526316,19
104375.60965968198,93365.88,25
104391.853868427,109979.1052631579,19
104396.9622376304,99067.33333333333,57
104406.26468503864,114476.5,14
104406.84792155612,105789.0,17
104407.5882170202,89302.5,18
104458.14228421405,94428.6875,16
104475.0751878794,111123.8,25
104510.80350353064,95762.53333333334,30
104520.39799474916,113023.91666666667,12
104570.18656003864,113059.14285714286,14
104572.20166479136,103430.80645161291,31
104588.99918706046,106016.38461538461,13
104628.02685264211,100249.875,8
104633.77554972126,105542.09090909091,11
104656.9293228316,136540.5,4
104675.63835807334,101571.02857142857,35
104742.51342632103,102377.3,50
104757.60660573638,111061.07352941176,68
104770.06253718212,110315.2,15
104782.2199979542,105278.56,25
104798.81062007732,100517.83333333333,6
104802.28666485602,96561.71153846153,52
104810.49933158304,105604.16666666667,12
104823.22771203534,111297.45454545454,11
104887.63454068104,100268.8,10
104903.87195923994,134268.83333333334,42
104917.5618733591,105433.2,35
104941.69799474912,94163.5,12
104956.4368733591,103564.625,16
104972.8504238561,85231.05,20
104974.9515187398,124585.59090909091,22
104976.02621408748,98338.72,50
105004.62431639175,99307.52631578948,19
105052.79723236672,99622.74074074074,27
105053.23496061849,117954.0,1
105055.32778505704,144869.7837837838,37
105059.99140606773,88541.0,2
105063.97192516032,154418.86956521738,23
105096.49340991146,117613.85,20
105149.04899737456,116775.55555555556,9
105149.97055117984,84099.33333333333,6
105174.11638130293,104373.73333333334,15
105185.3939842474,125332.5,2
105205.30901186584,102432.5294117647,17
105209.72779394024,114642.03225806452,31
105235.9094364323,98110.66666666667,51
105251.42734372396,116096.57142857143,14
105256.67839301076,108815.09333333334,75
105260.17972003436,115272.25,24
105262.95749781214,102591.06666666667,15
105280.44907658854,144434.0,1
105283.27819543012,93252.3275862069,58
105306.01121296229,99498.60784313726,51
105321.01708804496,102621.33333333333,15
105327.77937007732,86989.2,10
105332.40964004418,123889.53846153847,13
105339.2667311136,96275.55,20
105378.49902971732,109418.90476190476,21
105388.19879684948,101436.72727272728,11
105390.23092446737,104759.31034482758,29
105403.3004284137,104898.37931034483,29
105404.4646614158,102992.625,8
105410.12312007732,117245.33333333333,6
105413.8484909928,106777.5,12
105417.52716683912,118142.64285714286,14
105443.05642148352,113216.6,25
105448.69914060675,104451.94736842105,19
105449.9987467182,90653.07692307692,13
105460.52764242572,97591.33333333333,9
105471.12991167368,104135.68181818182,22
105475.25486775576,131808.5,2
105510.16254259043,111204.57142857143,14
105515.3879684948,153542.0,1
105560.01270057396,99963.5,14
105574.31328082464,119461.0,1
105597.77522152946,109763.3125,16
105599.52694225658,83500.8,15
105606.36399814676,108407.24444444444,45
105612.42155380528,109036.28571428571,14
105636.47738902135,101604.55555555556,18
105643.41539683603,110348.71428571429,35
105665.32654900815,102477.3125,16
105675.68602219848,107644.95238095238,21
105689.77999315104,88429.5,6
105701.6901014688,96321.375,24
105702.44370175894,112124.13636363637,44
105707.68168077078,99202.62962962964,27
105708.79269591229,96046.0,7
105727.58249781214,110807.09090909091,11
105758.08516969782,123017.44444444444,9
105771.63396575356,105133.09090909091,22
105774.39643619828,99293.26666666666,15
105776.7821579047,91706.5,6
105779.93132808249,112899.75,8
105790.8183616519,98153.56603773584,53
105806.93562007732,95141.16666666667,6
105824.62685264212,112576.71428571429,7
105835.24906003864,105202.4705882353,17
105836.43512618556,114965.14,50
105839.323307079,108349.0,1
105844.57883829671,98719.26666666666,15
105862.3604221803,118738.28571428571,14
105864.04310761052,113977.69230769231,13
105900.14765622283,102505.58333333333,12
105913.5598262282,115289.78787878787,33
105934.81727034051,99575.94444444444,18
105956.96992123696,130222.0,2
105976.38230163362,123208.33333333333,6
105977.68028757208,104005.0625,16
105981.646614158,114210.0,1
105988.7231007323,113630.0,12
106009.68753042174,101514.55555555556,36
106014.89565889126,98969.42857142857,35
106021.87919789965,118366.25,16
106073.32634463916,112251.86956521739,46
106095.28399549928,100050.0,4
106097.91838455603,101589.12,25
106098.18635366796,100405.91666666667,24
106135.09685965636,120178.69230769231,13
106135.31328082464,149887.0,1
106162.9306827736,100624.23404255319,47
106182.73962671249,108403.66666666667,15
106197.17558591873,115127.35,20
106203.48997374566,106164.0,1
106213.74281849324,110515.02631578948,38
106219.97994749132,134669.0,1
106223.98343503864,103739.0,17
106247.165755189,104584.81818181818,11
106272.98496061849,132229.0,2
106287.09596353048,96795.23529411765,17
106297.6041955861,105283.47826086957,23
106302.90437007732,121832.0,6
106339.96992123696,76425.0,1
106351.99812007732,113182.0,15
106361.93976002945,95341.17391304347,23
106364.31328082464,185464.0,1
106376.3030343078,100240.76,25
106394.508976377,99404.3,10
106400.77035954788,106528.48,25
106409.16970978498,109654.0,7
106410.11705727916,100290.20689655172,29
106433.07976830428,98926.96,25
106485.5646614158,117264.75,8
106523.10944006871,119814.22222222222,9
106555.09566075268,110973.0,22
106579.17470124924,108525.875,8
106581.4913821919,116621.8,5
106583.3323307079,127511.90909090909,11
106596.7646614158,101736.88888888889,9
106597.07759369897,108589.92307692308,13
106665.54985278948,113952.93333333333,45
106695.3990744996,101668.5625,16
106699.47487612772,97541.9,20
106711.87025237114,117403.875,8
106724.60939842474,98731.77272727272,22
106756.15499893564,104768.31428571428,70
106788.71641360824,100018.09677419355,31
106795.74563158414,98974.57142857143,7
106804.14623708693,112537.3448275862,29
106828.55120553856,111956.12903225806,31
106850.24934611384,95397.05882352941,17
106863.09685965636,93519.6,10
106872.93752072986,92486.9705882353,34
106888.3836898842,101439.8,20
106891.89467614898,106054.83333333333,24
106892.67486273614,115278.35714285714,14
106949.97475815412,107196.46511627907,43
106959.8936814469,103323.75,16
106984.82234985245,110537.16666666667,12
106996.49017267498,104089.14285714286,21
107013.3573110817,103835.5625,16
107026.97994749132,163083.5,2
107034.96374859352,112204.57692307692,26
107071.04260641268,112423.84210526316,19
107080.1602280744,109917.66666666667,21
107100.93757098408,90348.8,5
107118.01740449024,110922.11111111111,9
107158.74151276475,109138.69565217392,23
107175.53730466295,105105.58823529411,17
107196.23097368873,126653.52631578948,19
107236.34072978626,110849.07142857143,14
107278.84052217036,105326.69230769231,39
107298.6562834639,109641.0,47
107299.19438832284,108681.19230769231,26
107307.7019821692,110939.42857142857,28
107319.17192004758,113446.0,17
107363.56860892323,108970.0,17
107369.508976377,117280.25,20
107378.96992123696,113545.0,2
107400.39914060677,108665.21052631579,19
107435.03030765436,96934.48,25
107452.88793400752,98036.2,10
107477.94226117874,86110.375,8
107480.75180802356,118639.1836734694,49
107497.96992123696,151337.0,1
107507.27181579506,110000.84,25
107509.82234985245,115486.6,10
107510.01592953346,102188.47368421052,19
107527.84666189316,105635.4,5
107542.8895868832,108462.43478260869,23
107566.22126734084,98571.33333333333,15
107631.897591134,108229.85416666667,48
107633.3879684948,186965.66666666666,3
107650.71879684948,107882.0,8
107670.41505440982,101968.21739130435,46
107670.59933158304,92716.78947368421,19
107682.61965245644,112722.86666666667,30
107725.50382471716,103378.12121212122,33
107737.7869673102,97831.5,12
107747.35292065344,101538.11111111111,18
107763.19729002575,134517.21276595743,47
107785.88932069892,102705.86666666667,30
107809.38023621992,98781.9,20
107820.2441479712,109046.64285714286,14
107838.1764537022,106345.1,10
107870.43609014338,105597.27777777778,18
107877.23666291604,107171.75,16
107879.30845400384,108066.54166666667,24
107909.87714178552,97725.84285714285,70
107914.58433813654,91080.25,28
107922.22126734084,98414.66666666667,15
107940.97994749132,124174.0,1
107944.31328082464,129496.0,1
107969.65671017088,109095.33333333333,18
107980.34757337082,115070.27777777778,36
107990.17409290253,120198.45205479451,73
108001.29914060676,106451.36842105263,19
108004.88220471932,170853.0,2
108008.94883943822,104362.58823529411,68
108064.23782266249,106219.75,12
108069.43879684948,105265.0,8
108076.50656481304,156262.88888888888,18
108085.46992123696,146850.0,2
108132.3879684948,140457.0,1
108147.03730466295,130580.14285714286,7
108157.68857010482,107077.36842105263,19
108182.1875231928,107536.05405405405,37
108215.61461336505,108052.53846153847,13
108225.646614158,41966.0,1
108226.7606800281,120220.81034482758,58
108252.06265616493,121166.28571428571,7
108254.29567141822,121607.8,20
108288.34072978626,104601.52173913043,23
108351.25589608953,113974.41666666667,24
108374.9264229455,115034.5,4
108457.4646614158,95534.55555555556,9
108460.08127129522,106274.13513513513,37
108480.94436077224,117161.35714285714,14
108501.32771203536,107159.0,18
108518.5478400485,104018.83333333333,12
108531.7859540952,123418.90476190476,42
108558.67260527116,93359.61538461539,13
108565.85165080412,112592.69230769231,26
108571.11748030924,108487.5,4
108578.54258484892,105921.9696969697,33
108588.99570303386,126663.66666666667,3
108606.02732172498,91942.66666666667,18
108611.33237845196,94302.28571428571,14
108671.1018885234,118394.41935483871,31
108707.48290068506,85745.0625,16
108718.9618489347,115725.8,15
108731.76467749944,109105.28571428571,14
108734.31693932322,103557.73913043478,23
108738.78788510528,124551.11111111111,9
108750.26678290132,97685.23076923077,13
108754.86683795984,121430.47368421052,38
108758.59300684938,104354.96153846153,26
108763.31328082464,164405.0,1
108764.73525901248,111442.85714285714,7
108817.49081708974,107788.59183673469,49
108820.58485489248,118159.68,25
108828.68028757208,107042.25,52
108874.60738787986,117651.92307692308,13
108879.53012151204,101735.0,15
108879.65772369258,114525.0,9
108880.13016135203,115775.05263157895,19
108883.64703411987,101949.3125,16
108901.10799713588,114987.31578947368,19
108940.13457360124,89383.86666666667,15
108941.76830526882,90309.76923076923,13
108944.75575280224,107501.6,5
108956.85628346392,117383.8,20
108974.47475815412,104813.2,5
108987.70218503864,109395.2564102564,39
108998.6937177064,103631.92857142857,28
109008.9559986302,116102.86956521739,23
109019.7405343078,115237.88461538461,26
109022.5074549572,94111.85714285714,14
109031.15153240286,109971.0,6
109071.7844845091,110053.0,34
109081.0772518132,121821.5,8
109089.79131778252,108495.81818181818,11
109122.69303662932,109423.77777777778,9
109128.01468503864,117034.0,18
109129.85636159056,120896.69230769231,13
109161.78499812468,100756.61904761905,21
109181.33199649942,129801.78571428571,28
109185.96279295936,120118.25,32
109188.46992123696,149056.0,2
109200.03817977238,101940.21052631579,19
109221.31370078654,99057.04166666667,24
109308.38964427287,201526.5,4
109321.77482487024,112074.46153846153,13
109341.59446473348,108009.29411764706,17
109352.91499562428,108495.0,9
109378.52349606184,103693.28571428571,7
109421.41997749628,152295.0,2
109435.06252110336,113300.14814814815,27
109445.36422773988,107004.5,12
109468.33647586772,119459.61111111111,36
109469.39178290132,106068.69230769231,13
109495.77624859352,101604.15384615384,26
109501.1780343078,108563.8275862069,29
109552.20582676976,117673.0,8
109570.81635886284,92151.8,5
109596.73440944814,117016.21428571429,14
109606.97994749132,139472.0,1
109630.194157898,115426.8,25
109636.63701792498,111418.0,6
109693.83759369896,118327.28571428571,7
109700.88935635296,117165.61538461539,26
109703.2405343078,114160.21875,32
109742.58208005154,101001.86666666667,15
109764.32999124857,124046.75,4
109771.43799878826,114327.5,28
109789.1850552948,115401.17647058824,51
109802.19799474912,107939.6,15
109806.18021109016,120683.84,25
109825.78788510528,122430.35714285714,42
109838.30075174478,101866.16,25
109843.46992123696,165114.0,1
109874.26157480196,109747.2,15
109894.47055117984,104072.09090909091,11
109910.5889723394,127030.7,10
109912.04819413892,91131.9375,16
109921.646614158,142593.0,1
109926.3112467182,108993.4,5
109932.24455863988,131458.64285714287,14
109955.56566404123,112641.85714285714,14
109983.71256692785,91781.28571428571,7
109992.47055117984,109511.82352941176,17
110042.46992123696,150764.0,2
110062.46992123696,165528.0,1
110076.58546751933,112721.8,30
110098.33221930508,102990.3,10
110115.45482002207,118368.80645161291,31
110122.26845951888,117236.25,16
110122.76724409382,114794.92307692308,13
110170.12246359552,114955.18181818182,22
110171.11587771984,96716.75,4
110178.33046868924,126316.5,6
110191.27492639472,97882.70491803279,61
110191.86449261206,112473.61538461539,13
110196.72617895406,103454.21428571429,14
110234.95747766783,115267.54545454546,22
110242.18753394888,102323.95652173914,46
110254.517775833,111362.71428571429,21
110266.62449868728,112828.95833333333,24
110290.01879684949,102124.18181818182,11
110310.1060686156,96705.45454545454,11
110313.18976002945,113541.17647058824,17
110324.3399961579,97465.5,4
110327.8610317668,111018.09090909091,22
110328.96992123696,145675.0,1
110333.0255638476,114059.53846153847,26
110386.56583931392,113577.28571428571,28
110435.14539148846,119483.84,25
110451.06713160528,113940.2,5
110463.78297084424,110567.78723404255,47
110482.3560686156,127969.8,15
110482.67588080856,107929.38775510204,49
110500.77009029793,111355.10344827586,29
110517.67424803092,122383.81818181818,44
110571.96073490645,117038.8,5
110578.84139140806,119089.76923076923,65
110580.47315651292,111154.5,24
110580.67773776063,117342.35714285714,28
110593.55613457356,94600.6,20
110608.91042793366,131909.75,4
110622.29593503864,109449.3,10
110630.36611923415,101124.33333333333,18
110646.27517060314,109533.8,15
110669.26945733072,111369.70370370371,27
110678.16867627308,107316.0,18
110680.30391190198,119100.42,50
110693.68013779496,133643.90625,32
110706.86218962292,97994.44444444444,18
110721.66613896909,103341.22222222222,27
110723.18225130244,111226.84210526316,19
110747.25879684948,100045.81818181818,11
110769.39942707118,108351.78787878787,33
110787.4913821919,108125.88888888889,9
110803.2667583447,108264.66666666667,9
110808.5922007199,100887.37037037036,27
110856.51425586607,202034.25,4
110861.59060903009,98985.14285714286,21
110863.47487612772,141041.83333333334,24
110868.0611164384,111651.04,50
110871.8093650946,113762.93333333333,15
110878.99948140063,109925.92857142857,28
110913.31473407848,105398.0,14
110925.74151276475,110606.625,16
110927.1921469813,112663.75757575757,33
110949.886224929,111828.10344827586,29
110950.24749343644,104991.35714285714,14
110960.67137659436,97587.27272727272,11
110972.82018719317,111163.62857142858,35
110995.646614158,147085.5,2
111011.61207065292,109318.25925925926,27
111020.183970514,127784.24590163934,61
111020.44864273282,109210.65384615384,26
111026.8796991414,112093.18518518518,27
111039.01720455228,145585.475,80
111040.51912358584,116884.0,3
111082.79919789964,112321.42105263157,19
111082.88078740097,130280.6875,16
111120.61472354368,121806.14814814815,27
111133.74586456631,122861.28571428571,14
111138.54029512944,111185.39344262295,61
111145.44199774964,109723.75,20
111161.05157618376,104389.35714285714,14
111161.97994749132,119843.0,1
111232.51174803093,111522.13333333333,15
111240.95441299526,108852.84848484848,33
111259.646614158,111771.0,2
111268.30321334806,174220.51111111112,45
111278.24147202604,105572.93333333333,60
111296.07433665045,108363.23809523809,21
111332.0791136502,114759.03333333334,30
111333.1589344944,178703.70833333334,24
111345.46992123696,90996.0,1
111354.6220739856,108446.625,32
111354.91775349464,115528.33333333333,21
111356.42396077803,110342.13793103448,29
111361.59947689108,95505.25,32
111369.25999170916,104979.11538461539,52
111375.0948336282,136377.33333333334,6
111409.09841428192,110334.82352941176,34
111441.41701257424,113178.95238095238,21
111533.64991741849,107223.37142857142,35
111534.74248030924,144941.0,2
111544.03517716494,120512.81481481482,27
111546.46992123696,153772.0,2
111562.48943099008,124745.90909090909,11
111582.40437007732,109113.7027027027,37
111585.3453825958,109869.17647058824,17
111594.62196463071,125827.64705882352,17
111619.56256006342,125179.41666666667,12
111630.83546751933,110108.2,40
111640.5823307079,100919.55555555556,9
111644.10442694154,110263.0,1
111647.87431639175,121970.2,15
111686.12323659498,113059.28947368421,38
111710.34238570856,112320.95238095238,21
111714.76691701823,114724.86956521739,23
111739.23090778904,112814.40909090909,22
111739.32802804724,109186.67741935483,31
111814.9991644788,92079.6875,16
111834.7799987193,113380.9,20
111848.30201548296,105859.6875,16
111853.9348902654,119287.17647058824,17
111856.05613457356,144836.35416666666,48
111858.29409577826,119432.44444444444,27
111896.02939155264,116737.11764705883,17
111904.64293596135,165247.8947368421,38
111919.99923851232,128335.75,16
111922.19598949826,110702.0,2
112018.26817034918,114196.42857142857,21
112026.8939842474,146850.0,4
112051.02055833898,65203.88617886179,123
112051.88230163362,96881.16666666667,6
112060.96992123696,154801.0,2
112069.07976830428,103321.28571428571,14
112070.646614158,175200.0,2
112089.52159152633,111906.0,30
112091.4028558191,111111.17647058824,68
112100.93451358828,127158.55555555556,9
112115.58166229096,122353.3,10
112135.26061296114,127503.84615384616,13
112141.90288966836,117339.4,20
112153.96992123696,164432.57692307694,26
112172.74151276475,115290.78260869565,23
112181.96992123696,180500.0,1
112255.65631164404,127217.85714285714,14
112259.1689328186,131832.11764705883,17
112264.97994749132,140169.5,2
112274.7899981683,100850.0625,16
112296.24248030924,101037.25,4
112313.18837624964,109439.78571428571,14
112317.97994749132,99230.0,1
112345.17438320129,124404.21428571429,14
112365.97719012626,106407.66666666667,51
112416.3431233591,110735.13043478261,23
112416.92249848532,128354.88461538461,26
112419.50824423225,112347.58,50
112449.2487467182,115555.66666666667,9
112452.498230661,119692.41666666667,12
112459.86308947705,101278.96428571429,28
112482.12617895407,126791.1875,16
112484.88554680411,111804.25,4
112496.31328082464,152443.0,1
112511.4811631877,104081.625,40
112512.97961235528,120037.41666666667,12
112536.05628346391,114780.38461538461,13
112555.64919593048,105579.06451612903,31
112556.33082676976,108660.625,8
112575.64051147414,117064.90909090909,22
112593.6356800281,111830.15384615384,26
112601.5195187398,102917.18181818182,33
112608.18656003864,113828.68421052632,19
112613.25825402062,104826.33333333333,3
112615.3065354322,119085.08333333333,12
112632.823307079,67588.0,1
112673.41539683603,109008.93333333333,30
112692.46992123696,151740.33333333334,3
112789.97994749132,109943.0,1
112806.64037438628,119306.54545454546,11
112828.73496061849,182261.0,3
112840.56675462802,121183.33333333333,21
112841.76579292033,118734.725,40
112866.56744789163,119413.375,16
112871.83874859352,103868.96551724138,29
112872.99248030924,106038.0,2
112883.55411632331,107923.04166666667,24
112887.57758846354,110499.37254901961,51
112890.73496061849,86604.0,1
112896.3643864018,122656.5,10
112939.73578671008,118745.65853658537,41
112956.48496061849,182795.0,2
112976.51204926248,103321.8125,16
112978.52741396036,106813.03921568628,51
113004.01879684949,117208.78571428571,14
113035.13105124976,114430.92,25
113064.3459390344,116543.70588235294,17
113068.23440944814,118256.25,24
113071.7710936082,131367.83333333334,6
113093.19714112607,109754.04347826086,23
113116.0386821378,112174.61538461539,13
113128.09237345116,105778.8,5
113145.35158911902,109099.54838709677,31
113151.12562953858,104678.42105263157,57
113157.96992123696,156995.0,2
113184.2171774676,121966.3,10
113212.23496061849,114135.0,2
113253.12851560136,116412.70588235294,17
113282.23702814333,105409.5,18
113286.17222908254,113647.60714285714,84
113339.2488431245,124604.4705882353,17
113340.46992123696,172157.66666666666,3
113352.80793885991,110778.53333333334,15
113364.08365975316,136444.04347826086,23
113367.6306544465,119704.28,25
113387.34651831465,111067.90909090909,11
113391.07599757652,111069.38888888889,18
113394.80930762886,121101.11111111111,9
113400.7181233591,107186.38888888889,18
113426.6655526384,116608.4,10
113437.54712112976,112454.16666666667,30
113443.852845891,105560.4,5
113446.44899737457,101731.35,20
113453.96992123696,180583.0,1
113465.03788310073,112754.68571428572,35
113501.06827405142,111248.3125,16
113519.823307079,187316.66666666666,3
113541.53641555933,106478.57142857143,21
113548.2701668216,90736.3,10
113565.60965968198,130978.65853658537,41
113568.10137387842,92387.33333333333,3
113570.9469921237,100263.0,2
113579.7538743362,109019.625,8
113580.10944006871,117081.0,10
113582.28128003172,101612.60869565218,23
113629.21835400649,110009.75,16
113634.8646614158,123120.85714285714,7
113649.8484909928,98718.64705882352,17
113661.68674803092,98566.53333333334,15
113664.466805159,99623.08333333333,12
113739.77108524428,112949.34615384616,26
113761.65413521508,119012.15384615384,13
113823.98997374566,177604.0,2
113828.38968503864,198743.75,4
113923.29219384123,117120.54166666667,24
113923.48997374566,128999.66666666667,3
113923.81156003864,114570.0,50
113936.01620418056,123606.69230769231,13
113950.23962671249,116422.76923076923,13
113998.68262743352,122486.78571428571,14
114009.64704003483,109543.0,40
114054.06265616493,94713.0,2
114076.1155343078,104059.32258064517,31
114105.16332458188,181621.0,1
114132.25709423344,100730.25,20
114176.88647665456,98438.30769230769,39
114182.18113457356,96360.0,1
114183.99713535592,112296.66666666667,6
114199.06265616493,100757.5,4
114217.2180449384,103044.5,18
114228.96992123696,143596.0,3
114282.97744345688,123682.63636363637,22
114283.1414248208,117269.33333333333,9
114289.5796748786,124162.9375,16
114320.7901469026,108890.72727272728,22
114327.9799970278,113072.33333333333,18
114341.17260527116,130632.75,20
114421.62978089646,113228.73333333334,45
114425.15964004418,125552.5,10
114429.98417675334,116680.92156862745,51
114440.96448004265,112085.30769230769,13
114445.29210777194,178209.17647058822,34
114497.56061063748,108999.05,20
114498.38307288394,133082.46666666667,15
114523.05221347076,102632.5,4
114563.46992123696,179489.0,1
114625.12121759116,107395.52380952382,21
114635.75358193347,113651.0,14
114658.46939842474,118758.0,30
114684.75726149972,120146.16129032258,31
114696.69153644195,113634.94736842105,38
114717.51678290132,119399.66666666667,15
114723.01323721794,109755.4705882353,34
114725.48485489248,112069.33333333333,18
114765.54363159012,120907.25,4
114844.1909567462,110960.4,15
114850.73496061849,159314.0,2
114888.85219127985,123417.14285714286,7
114901.03230596126,109064.74074074074,27
114909.27680539894,112473.35714285714,28
114912.04946539336,129023.42857142857,7
114947.7264914607,111721.0,15
114990.8373506246,119183.72222222222,18
115007.132531233,113475.85,20
115007.79469066272,100272.875,8
115048.31328082464,102852.0,1
115064.22453829428,130870.8,10
115090.38490951707,113227.28571428571,14
115091.21450671516,119014.72222222222,18
115097.94794669838,112788.94117647059,17
115098.34940249848,136525.5,2
115131.69389563517,109482.41666666667,12
115145.06061296114,122164.0,13
115171.51515874958,117668.75,24
115237.55950835302,106990.8,5
115247.36611923415,113555.13636363637,22
115257.31328082464,152875.0,2
115260.92999728402,117038.38095238095,21
115261.63689383576,108423.84615384616,13
115266.3370248983,119581.25,12
115272.14921865184,121864.16666666667,6
115272.73440944814,118118.77777777778,18
115288.63856017673,95398.66666666667,3
115306.47590551076,122568.25,20
115306.72138670104,111235.3,20
115330.3399961579,120831.28571428571,7
115373.646614158,143811.0,1
115397.9142346182,116723.15,20
115415.86512003015,125351.33333333333,21
115426.95689918975,108983.41176470589,17
115429.51188763442,116051.89743589744,39
115478.31425780068,116224.04545454546,22
115489.08040494844,117904.05882352941,17
115507.10854402249,104861.93103448275,29
115538.89699212371,98967.66666666667,6
115543.45376418796,127229.92,25
115586.02292298716,119333.71428571429,7
115604.51492186518,176811.5172413793,29
115615.50656481304,116391.75,12
115632.95181102156,105543.8,5
115642.35292065344,116156.21428571429,14
115676.69535432987,132068.75,12
115706.70337806302,114091.78947368421,38
115711.55249718705,117851.53846153847,13
115733.41696003132,119414.68571428572,35
115736.31328082464,131594.0,1
115749.95482002207,114699.55555555556,18
115766.0497395506,121430.73333333334,15
115824.65664041232,166362.5,2
115868.41790514503,127807.09523809524,42
115889.90404574374,124301.42105263157,19
115891.3268826635,117818.25,8
115929.3989062268,100988.88888888889,9
115933.61445911498,122971.41176470589,17
115948.20499768344,114405.63636363637,11
115958.96992123696,179789.0,1
115977.86061296111,108290.84615384616,13
116059.48496061849,156896.5,2
116060.57789197324,117005.14285714286,21
116078.32161036249,127923.14285714286,7
116088.31879684947,139440.8,10
116111.12030064354,122933.04,25
116114.73825858656,125127.55555555556,18
116119.53464004418,111074.90909090909,22
116126.61676238933,123803.15384615384,13
116130.2761067354,130509.5,8
116132.5612467182,121953.72222222222,18
116146.57879684948,105549.14285714286,14
116168.03592300878,115855.0,12
116175.5879684948,165491.5,2
116198.08817465793,103057.2,5
116246.73496061849,152147.0,1
116266.05999678516,115664.5294117647,17
116273.95218503864,100543.0,7
116283.9411508168,140250.38888888888,18
116314.88384413428,114005.15,40
116413.57644094386,121969.55555555556,9
116433.67224168312,121306.66666666667,15
116481.46992123696,134731.0,1
116481.67163349951,124680.84210526316,19
116497.88272624982,122034.28205128205,39
116499.14980834856,106596.71428571429,14
116515.23337560048,121965.76923076923,39
116554.01999664838,119958.11764705883,17
116595.42241946892,123498.86666666667,15
116651.34940249848,123325.0,2
116664.3872178465,114537.08333333333,12
116707.32152408877,105241.1724137931,29
116708.60368006508,103095.875,8
116746.6407086598,131006.875,8
116753.99934611384,130696.33333333333,18
116797.71759369897,131454.0,7
116820.7527513402,126145.5,24
116830.1616535395,133018.75,4
116853.45226266484,124807.72727272728,22
116885.26382121284,119857.21428571429,14
116929.84757337082,102414.33333333333,12
116932.80874015462,121529.66666666667,3
116936.4468633205,119379.21428571429,14
116951.04849606183,107024.90909090909,11
116955.30406512668,100516.33333333333,12
116993.882321918,103072.375,8
117006.3544716115,102144.1875,16
117006.57576620142,118116.23529411765,17
117012.88755205498,118973.0,9
117021.06061296114,118730.125,16
117038.56283463912,123620.0,4
117045.62124015462,120928.0,3
117061.646614158,143951.5,2
117117.11226914712,111701.5,8
117132.6711449586,125410.38461538461,13
117144.5811916787,118383.14285714286,14
117152.6657117853,118188.47368421052,19
117213.5859600238,122584.29166666667,24
117217.46992123696,150366.0,1
117221.01118860088,123946.05555555556,18
117234.83526986316,124215.69230769231,13
117273.9362467182,103873.4375,16
117276.41416010309,125193.91666666667,12
117279.97014264455,126445.5744680851,47
117294.24455863988,108618.0,9
117318.85117183748,113251.57142857143,14
117325.23496061849,137676.0,1
117327.46265616492,117452.75,4
117333.89157065652,122449.85714285714,7
117351.96992123696,171252.0,1
117358.65357830214,141547.51219512196,82
117392.66999807894,127341.41860465116,43
117424.46992123696,150804.0,1
117427.58166229092,122728.25,12
117441.54310526674,119408.28947368421,38
117458.23343503864,120400.72727272728,33
117458.46992123696,128818.0,1
117462.18295712868,109941.3,10
117466.41997749628,119965.0,3
117525.30472003436,125062.0,21
117558.1414248208,127115.0,6
117566.20166479136,116890.42105263157,19
117571.46992123696,180424.0,1
117575.78031003864,127903.12765957447,47
117579.14703411987,103369.70588235294,17
117583.51740449024,117534.0,10
117592.54217048857,115885.0,8
117600.3065354322,116842.58333333333,12
117612.75904011782,123325.0,5
117615.74899737455,111978.66666666667,18
117616.63699400246,131286.95294117648,85
117617.51305336769,123572.81818181818,22
117622.70998874816,159135.0,1
117634.54985278948,106197.44444444444,9
117652.97293228316,117489.88372093023,43
117658.05709916628,115984.07692307692,13
117704.07163349952,116791.77777777778,9
117710.16499562428,123400.0,8
117727.06827405142,115889.0,16
117735.99248030924,120136.0,2
117741.37898534776,120696.73913043478,23
117758.64899737456,114088.77777777778,9
117803.09162424358,126919.8,5
117805.35534030784,104991.76923076923,13
117855.05249718705,107686.2,15
117885.34893050946,119601.8,25
117982.91844942108,133419.66666666666,3
118016.62650796452,108005.55555555556,9
118034.97994749132,62937.0,1
118059.62586456632,102029.0,20
118061.91173570594,102652.83333333333,6
118087.95278886598,122430.75,24
118111.44110235968,132893.0,6
118140.72102930384,125711.69230769231,13
118207.97994749132,176226.0,1
118220.59328001933,119833.93827160494,81
118262.46992123696,123241.0,1
118317.9879684948,89529.0,1
118402.84104986796,133346.05263157896,19
118422.95795596886,126918.09090909091,11
118445.81999764888,135074.83333333334,18
118454.99962165076,113696.05882352941,34
118460.60499437408,121440.7,10
118519.24899737455,100365.54545454546,11
118569.41088003638,132657.73333333334,30
118586.86405192532,126869.15909090909,44
118609.32012719534,113431.27027027027,37
118612.65531003864,113054.94444444444,18
118626.46992123696,182085.0,1
118635.20482215428,133233.33333333334,3
118687.56713160528,144227.0,1
118711.26691701823,103109.45454545454,22
118722.49856767796,112499.33333333333,12
118727.2393049129,120912.66666666667,9
118744.68045096532,128853.8947368421,19
118839.11566404122,116546.625,8
118839.45691095952,115100.16666666667,6
118862.97055117982,118212.375,8
118881.46992123696,168442.0,2
118913.30092656917,122582.0,11
118917.97994749132,182022.0,1
118919.65437007732,120979.16666666667,6
118945.31156003864,116292.8,10
118960.46992123696,125598.0,1
118963.65326771609,132821.63636363635,22
118979.4646614158,120240.0,8
119011.30787066462,117560.4375,48
119011.86748030924,81482.5,2
119016.8907086598,104268.77777777778,9
119035.47218038612,144864.14583333334,48
119074.646614158,140932.0,2
119080.21566404124,93128.5,4
119088.2231007323,112997.13043478261,23
119089.59828121356,150997.7142857143,7
119189.41275590472,116402.625,16
119200.24248030924,116938.0,1
119208.28141731957,113319.6,5
119227.13913809112,114181.93333333333,45
119244.84052217036,122735.51515151515,33
119330.54436077226,130278.08333333333,12
119334.5293228316,109926.25,4
119366.94172925455,113253.08333333333,24
119376.80596214866,100619.91666666667,12
119391.98496061849,145821.0,2
119395.4898153177,106455.33333333333,9
119404.02764242572,117891.75,4
119422.97994749132,103430.0,1
119424.66548710733,116003.64705882352,17
119427.09138219192,126212.66666666667,15
119429.50979002575,114593.84375,32
119431.81271295216,188679.75,4
119435.93562007732,123752.75,4
119447.97994749132,162703.33333333334,3
119492.87566847912,104175.09090909091,33
119549.96992123696,176877.0,1
119559.646614158,172171.0,1
119559.97994749132,109613.0,1
119612.74607395536,117051.21428571429,14
119656.46448004265,135706.3076923077,13
119675.56749820992,128687.5,22
119709.15631164404,133391.88888888888,9
119721.11256692784,114947.44444444444,9
119769.63856017673,128631.0,2
119783.65664041232,141846.0,1
119794.23496061849,108431.09090909091,44
119832.37249343644,105258.0,2
119894.90531003864,123917.3125,16
119921.24248030924,111395.0,2
119921.97994749132,190300.0,2
119932.54246719104,112526.57142857143,21
119980.39899737456,128629.6,30
120010.28464004418,105518.61538461539,13
120016.85158911902,137671.0344827586,29
120024.20411301394,114394.3,10
120053.31328082464,130535.0,1
120078.73496061849,79165.0,2
120083.43282721649,125863.92857142857,14
120085.88117338184,107149.76923076923,13
120089.3746042268,125264.33333333333,33
120121.85074249978,127020.12121212122,33
120155.8923370739,116335.28571428571,7
120173.41561928812,123407.29166666667,48
120181.83526986316,130450.73333333334,15
120236.64304817752,112097.73333333334,15
120244.31499792729,109552.25925925926,27
120286.46992123696,165383.0,1
120307.46992123696,169116.5,2
120322.61253123298,114662.66666666667,18
120329.73352477864,112875.0,2
120348.48036745322,127683.9,10
120381.78464004418,125921.54545454546,11
120405.8125867583,133305.0,11
120412.98623172044,112662.5294117647,17
120426.32664916378,114956.5,2
120472.96992123696,123413.0,1
120479.87879684949,125118.78571428571,14
120579.23496061849,158992.66666666666,3
120641.99898038091,120860.61904761905,21
120654.74450825957,124479.66666666667,24
120683.87431639175,104100.92857142857,14
120694.67267170768,124165.36,25
120696.6462656165,122366.02857142857,35
120697.7365148902,147316.0,1
120699.38674803093,133296.83333333334,36
120699.57870459594,139375.0,7
120730.3762234429,125177.0,11
120739.5873506246,126877.94117647059,17
120754.46992123696,176611.0,1
120762.497265567,107429.5,4
120785.6225953568,110974.70588235294,17
120802.17879684948,115871.5,10
120816.44967233788,133313.125,8
120839.49888597174,131748.46153846153,13
120843.07615182658,110824.26666666666,15
120857.45691095952,120963.33333333333,3
120894.96992123696,172562.0,1
120941.46992123696,172469.0,1
120949.6769464826,130066.45454545454,11
120964.58732704178,125219.43478260869,23
120996.3041444204,113293.03571428571,28
121012.47535049984,127183.28125,96
121031.5469028866,112586.61538461539,26
121046.76352632302,111137.35294117648,17
121057.646614158,163084.0,1
121068.90097176764,139658.92857142858,14
121112.46816005048,128252.08333333333,12
121119.3202449688,122479.6551724138,29
121120.27136005624,113238.2,10
121172.97994749132,182546.66666666666,3
121227.42734372396,127782.66666666667,12
121237.1291270103,115851.14285714286,14
121244.97994749132,197661.0,3
121277.33753603806,118194.93333333333,15
121288.18090670416,135135.0,17
121291.29760958916,118634.65454545454,55
121346.8659982497,133528.375,24
121365.12999585456,126400.0,9
121369.99923851232,136547.0,11
121383.3011098609,118905.34782608696,69
121386.80115572292,122381.9696969697,33
121395.3879684948,192428.66666666666,3
121398.4739733492,118936.06896551725,29
121414.48440944814,116647.16666666667,12
121420.31328082464,126434.0,1
121494.63968503864,141958.0,31
121506.56253299258,129646.36842105263,19
121509.9116535395,124775.0,2
121524.98172142197,132179.33333333334,9
121576.96992123696,155185.0,2
121590.23496061849,140797.0,1
121599.61174803092,104221.0,14
121600.05155741866,138707.0684931507,73
121622.24785151694,108674.5,4
121625.49248030924,97536.0,1
121660.65437007732,131239.14285714287,7
121749.93620886814,119755.4,15
121766.70718924128,120254.19047619047,21
121806.83082676976,125104.42307692308,26
121833.8395418744,110098.5,10
121858.31328082464,124357.0,1
121918.32215142268,134762.22222222222,18
121922.99248030924,95156.0,1
121967.2581157938,125740.65671641791,67
121988.6633245819,121261.33333333333,6
122054.44535432987,117576.0,8
122138.64394529571,114254.0,1
122154.3879684948,157297.33333333334,3
122171.57932640734,119656.85714285714,35
122224.01287455444,141776.07142857142,14
122233.73496061849,157209.66666666666,3
122236.44110235968,120518.0,6
122287.73879684947,123559.0,11
122290.82264474226,126112.31818181818,22
122318.48856821375,123327.5,12
122318.84205371558,116121.97435897436,39
122324.51418846691,132178.85714285713,7
122345.07349606184,122238.85714285714,7
122382.31342632104,150398.70967741936,31
122382.74906003864,120836.75,12
122385.76958005154,123032.17391304347,23
122399.96992123696,125202.0,1
122404.74892575844,123306.06666666667,15
122413.03939842472,117422.76923076923,26
122413.79269591229,120688.54545454546,22
122418.10209697232,141728.0,4
122432.10158911902,117661.36363636363,22
122463.66541338486,141376.77777777778,9
122484.1356800281,127921.55882352941,34
122516.98262036842,134641.4375,32
122518.87163349953,121881.6,15
122519.29408732896,137414.625,8
122524.73999491852,134648.66666666666,9
122545.21553805268,160602.66666666666,3
122565.646614158,111480.0,1
122595.1681667954,135332.3023255814,43
122597.9993733591,129174.19230769231,26
122609.48737907708,127556.73333333334,30
122617.14980834856,116272.0,14
122618.67260527116,111311.78571428571,14
122625.6284127618,140742.25,4
122707.48496061849,140503.0,4
122728.96992123696,174907.0,2
122753.28141731957,149415.2,5
122793.12312007732,126062.14285714286,7
122795.07159191991,134110.7857142857,14
122806.24096520118,119182.14285714286,14
122813.3879684948,156811.0,1
122861.323307079,179365.66666666666,3
122861.9879684948,156568.0,1
122867.4856369865,100922.22222222222,9
122876.6022197218,118562.38461538461,13
122877.43848246172,126939.0,15
122888.94975225546,132420.84615384616,13
122901.2289167902,124722.25,16
122935.41997749628,189962.0,2
122941.0155187398,115820.03448275862,29
122956.16328123095,120055.06976744186,43
122958.26157480196,119673.44444444444,9
122965.96992123696,172188.0,1
122974.61566404122,120525.45454545454,11
122980.73496061849,131466.0,1
122998.2732232657,125689.63157894737,19
123021.44899737457,118547.5,10
123040.85618797578,125690.11111111111,18
123076.77136005624,118013.95,20
123098.2701668216,118808.17647058824,17
123098.96992123696,169779.0,1
123107.23496061849,130960.0,1
123109.55628346391,126938.81818181818,11
123175.49498687284,109249.0,3
123215.38058360218,129474.625,8
123224.96038158605,114587.93333333333,15
123224.96599824973,183522.94444444444,18
123233.54699212372,114673.25,4
123263.96992123696,177207.0,2
123273.01342632103,115873.73333333334,15
123277.97744345688,122199.9,20
123296.5879684948,149002.33333333334,3
123333.97994749132,172594.0,4
123373.705691782,175671.0,1
123379.87025237113,125759.0,13
123402.48496061849,129429.0,1
123426.3879684948,153746.0,1
123455.646614158,150912.0,1
123574.97994749132,150702.0,2
123585.31328082464,150523.0,2
123586.75204131693,125349.09523809524,21
123599.66561127148,119288.2,10
123629.57950422808,137920.0344827586,29
123696.64304817752,132094.33333333334,15
123713.02088538832,131868.57142857142,7
123720.88666083236,108499.66666666667,9
123737.71321147274,130566.94444444444,18
123809.1257453158,135071.08333333334,24
123818.7167374182,126504.84,25
123829.35726149972,124321.57894736843,19
123837.0912228824,112795.03571428571,28
123911.3942091445,197482.3,10
123927.43754109603,134401.0,8
123927.48997374566,168296.0,1
123928.12124015462,143837.75,4
123928.42241946892,120362.83333333333,6
123943.20998874816,150424.0,3
123943.2940682398,136836.0,13
123969.52027947146,125039.91666666667,12
123984.20465537636,109697.5,12
123999.4831134629,183329.38709677418,31
124005.16970978495,117441.16666666667,12
124030.84152634416,151209.25,4
124039.55879684948,143212.88888888888,9
124053.07832020616,105738.66666666667,3
124067.11748030924,147310.2,5
124076.84978388244,132615.14285714287,7
124124.27638364426,182970.21739130435,23
124139.7878905914,131565.675,40
124171.51865233148,123005.5,18
124188.67561754736,122830.94117647059,17
124191.02771203534,127464.53846153847,13
124236.42363477248,125252.05555555556,18
124248.09685965636,128744.21428571429,14
124263.6616535395,108252.5,2
124274.90999536688,124971.625,8
124308.40437007732,129029.5,8
124311.73044541004,140896.4375,16
124316.99849606185,142360.2,10
124323.13094042405,132007.11764705883,17
124323.3641244837,123497.15,20
124392.67469950832,188633.0,13
124404.96992123696,159806.0,1
124407.617615297,113692.0612244898,49
124422.44348956308,108205.375,8
124432.92192004758,116458.33333333333,18
124493.96992123696,160722.33333333334,3
124554.96992123696,162597.0,1
124584.13426321057,147446.4,5
124600.35291338486,114824.53846153847,13
124600.823307079,174732.0,2
124686.36181340832,139436.88888888888,9
124689.52716683912,116394.14285714286,14
124698.74248030924,154318.5,4
124703.74626316232,201536.5,4
124704.97994749132,164791.0,2
124710.78796849478,157251.33333333334,3
124714.82999124857,129597.8,5
124752.88220471932,116978.6,5
124754.3799878826,104076.66666666667,3
124773.9879684948,173845.0,3
124782.84651831465,135161.0588235294,17
124810.88345850912,130890.0,32
124813.15664041232,145204.0,2
124818.80930762886,132813.0,12
124833.48997374566,162473.66666666666,3
124872.46992123696,165822.0,1
124891.67599757652,121353.11111111111,18
124894.09580391088,126551.36,25
124910.46992123696,168378.5,2
124951.96992123696,157587.0,1
124954.97994749132,152772.0,2
124966.64322072496,151380.8,5
125020.70708005154,142769.33333333334,15
125023.646614158,123576.0,1
125027.23496061849,159137.0,1
125051.4856369865,126313.27777777778,18
125072.7047027936,125740.28571428571,14
125132.6051491284,127595.625,8
125136.823307079,164753.0,1
125169.97349606184,125222.78571428571,14
125183.6655526384,119504.08333333333,24
125216.4913821919,133318.97297297296,37
125252.4819304024,125253.11111111111,9
125256.82576620142,125055.15384615384,13
125285.32176007277,125067.33333333333,6
125304.19759369896,101073.71428571429,7
125314.61676238933,118728.06666666667,15
125316.53031003864,117278.70588235294,17
125333.47695309726,124322.25,8
125370.32114761464,123177.3469387755,49
125376.21445911498,132905.7857142857,14
125398.87756543884,116934.4054054054,37
125404.86825744508,120257.0,6
125431.5879684948,176351.0,4
125437.72617895406,145718.0,19
125449.94631302584,127403.75862068965,29
125451.73496061849,115327.0,1
125452.65664041232,162858.0,1
125459.23496061849,138701.0,1
125493.5082989146,139605.83333333334,12
125504.46992123696,176248.0,2
125517.46992123696,181416.5,2
125525.54618672557,138006.5,14
125541.46566404124,132530.42857142858,14
125546.91088003638,124738.31578947368,19
125564.74248030924,162514.5,2
125572.53891466145,122932.13333333333,15
125621.646614158,180567.0,1
125632.55421872163,131244.92857142858,14
125656.2776707552,138286.9,10
125669.21321147274,143216.66666666666,9
125671.46992123696,143716.5,2
125702.96992123696,167932.0,1
125729.96992123696,182139.0,2
125776.34521054236,119380.73913043478,23
125801.39828121354,144457.6,5
125806.19849606184,136403.4,10
125826.96992123696,181714.0,1
125827.16604002575,117251.11538461539,26
125863.65664041232,136245.5,2
125871.40377952631,122194.93333333333,15
125879.48997374566,160381.66666666666,3
125904.92536201156,124284.0625,16
125932.70258967543,129377.4,20
125953.45803020448,136847.4347826087,23
125956.77902054814,135155.08333333334,12
125959.03879684948,126764.75,20
125999.55249718705,140253.42857142858,7
126041.22586456632,121177.16666666667,12
126072.23496061849,122869.0,1
126074.9376377926,141711.8,5
126100.12249343644,161165.0,4
126121.46992123696,182922.0,2
126157.7710936082,89165.0,2
126165.24635108792,126502.07692307692,26
126176.27378767153,115270.3,10
126189.24199774962,114140.9,40
126198.6898153177,127883.625,24
126198.99892575844,122909.61111111111,18
126227.3879684948,149416.25,4
126244.14360218444,146388.88607594935,79
126249.14980834856,114860.5,4
126264.92256275618,131141.40625,32
126294.68090670416,138091.91666666666,12
126319.54041338486,120812.11111111111,9
126338.5474168141,130963.76190476191,21
126345.84152634416,130815.0,7
126347.3431233591,125583.66666666667,15
126382.72055117982,124698.52631578948,19
126383.0691200434,136520.73684210525,19
126442.3097742772,147330.25,8
126443.646614158,146926.0,2
126463.55255151568,115929.08695652174,23
126494.54979270356,120136.16666666667,6
126500.03128778184,128742.66666666667,12
126503.97994749132,99291.0,1
126513.6243733591,114696.90476190476,21
126515.70263563158,125008.55,20
126524.98496061849,174272.0,1
126552.57644094386,137208.9090909091,11
126563.646614158,173833.0,1
126575.82850728669,121248.25,8
126609.50771653464,124346.53846153847,13
126613.94420223548,121797.75,4
126656.73058691154,129912.33333333333,30
126660.57879684948,120402.86666666667,15
126698.29879684949,130987.23076923077,13
126710.56885876547,182749.88888888888,9
126729.32215142268,117389.16666666667,18
126745.6939842474,141739.5,4
126746.8403149599,126567.75,16
126756.49498687284,156668.5,2
126762.9362467182,119204.14285714286,7
126788.95317823804,134152.77777777778,9
126816.6562834639,125885.44444444444,9
126829.24624015462,132233.25,4
126866.65153240286,133233.7,10
126878.5646614158,130268.75,12
126894.31328082464,179165.0,1
126900.65999733006,126718.33333333333,15
126924.1879684948,182795.0,1
126931.34187007732,116331.7,10
126939.56283463912,139096.0,1
126943.98997374566,150197.0,1
126964.30406512668,169620.66666666666,27
127002.331510378,117004.0,7
127028.73799878826,129251.84210526316,19
127094.6926498464,147113.42857142858,7
127124.23525901246,135855.0,15
127134.76604284822,117556.63636363637,11
127136.26532983276,126411.57142857143,14
127140.74498687284,154363.0,2
127186.70411301393,98241.0,4
127198.1879684948,139791.5,2
127211.5276424257,112491.0,8
127228.68656003864,116198.68421052632,19
127234.64899737456,117531.28571428571,14
127240.82999124857,140374.5,4
127247.60738787986,133817.38461538462,13
127276.9939842474,179508.5,2
127300.14873382154,134834.53333333333,15
127302.19799474912,129209.66666666667,12
127312.22107276828,143539.10714285713,84
127317.31515623655,106881.78947368421,19
127353.85830764048,116568.375,16
127360.25895899316,131635.64,25
127457.21781003864,123524.86666666667,15
127508.78240774064,125194.19607843137,51
127583.31650543609,170098.14285714287,14
127592.67192004758,127539.09090909091,11
127595.67189519374,126315.84848484848,33
127603.5643455431,108838.14285714286,21
127650.5646614158,110974.375,8
127659.83876348734,131294.47619047618,21
127696.05546872591,137520.83333333334,6
127721.01092840084,121163.72,25
127731.323307079,158138.0,2
127753.99140606773,133395.0,1
127770.31328082464,197336.66666666666,3
127802.89728546566,129062.15789473684,19
127815.28141731957,151911.33333333334,3
127844.95708005154,132405.27272727274,11
127852.98496061849,195581.0,3
127884.02732172498,136491.25,16
127889.1293228316,134070.0,2
127903.72590551076,141369.3125,16
127910.04699212372,159839.0,13
127920.6022197218,110607.0,7
127925.63879684948,138399.23333333334,30
127966.26468503864,128765.07142857143,14
127989.18262743352,132991.38888888888,18
128039.41395929195,189819.5,4
128070.90772369258,123718.26666666666,15
128080.73666291604,130340.92857142857,14
128098.86061296111,187933.0,4
128107.07372899214,125003.4375,16
128107.5879684948,107197.0,1
128109.64025439067,127035.3829787234,47
128133.42349606183,145343.96296296295,27
128184.61342632106,123869.69230769231,13
128214.73496061849,113589.0,1
128266.97994749132,175449.0,1
128282.31328082464,175001.0,1
128347.5293228316,146408.75,4
128354.5474168141,119161.0,12
128393.34899737456,130883.0,16
128399.6969921237,164224.0,5
128408.14646904386,192623.6,30
128409.96687007732,136490.33333333334,12
128445.42785526754,128234.16666666667,18
128459.11748030924,184323.0,2
128469.19313197724,132809.5,20
128479.65664041232,166574.5,2
128520.23496061849,149678.0,1
128522.98496061849,153285.0,3
128561.73496061849,149512.0,1
128586.295129065,123002.85294117648,34
128629.77225298304,128669.4,5
128635.2761067354,160810.69565217392,23
128645.78464004418,137456.84848484848,33
128695.18542105888,136298.8409090909,44
128701.92339325424,111615.33333333333,6
128703.40531003864,129681.7,20
128707.54699212372,138841.0,2
128747.48496061849,148769.0,1
128762.38490951707,126337.90476190476,21
128792.58072440862,132367.75,8
128803.2469921237,136874.75,8
128812.6414248208,123268.875,8
128826.1616535395,128112.6,5
128836.97055117982,121908.5,6
128860.26958005154,138672.91666666666,12
128871.81999764888,123467.27272727272,11
128894.97253123298,129281.0,9
128896.44620146464,150936.14285714287,7
128917.48605055886,134398.025,40
128936.3326171723,167214.1379310345,29
128953.06713160528,132055.8,5
128955.2776707552,126424.95454545454,22
128960.42771203534,131552.70588235295,17
128998.31328082464,162484.0,2
129002.98496061849,164360.0,2
129019.98997374566,141454.0,1
129021.78630749864,106787.0,1
129036.92427446242,126653.33333333333,3
129063.88499641986,127613.66666666667,15
129093.29083114548,127994.58333333333,12
129118.36090193062,151998.85714285713,7
129123.16541338486,125781.5,8
129153.323307079,144285.0,2
129164.90964004418,121465.66666666667,9
129165.15086614071,129466.88235294117,17
129177.41997749628,141768.33333333334,3
129182.17293191025,120701.33333333333,3
129186.71879684948,143362.38461538462,13
129188.13426321057,170738.5,2
129209.71608353204,131378.7,10
129215.73053594056,136888.2,20
129220.47590551076,147894.81818181818,11
129229.27181579506,126859.7,10
129232.56713160528,125740.33333333333,3
129236.12349606185,100068.5,2
129246.57047369008,130128.01960784313,51
129280.96687007732,123543.25,8
129319.98496061849,146479.0,1
129347.12048396278,123571.41666666667,12
129408.1293228316,138058.0,2
129417.42685264212,119145.4,5
129442.04618672557,133892.83333333334,12
129451.02136005624,134743.5,10
129460.3641244837,126286.61538461539,13
129466.96482577556,197941.5,4
129474.74204724292,122433.36363636363,11
129547.61096266044,122978.8,5
129551.24498687284,138106.6,5
129595.20641212216,131138.45945945947,37
129597.03464004418,116495.7,30
129615.8796991414,118685.3125,16
129645.59598949828,130234.5,4
129661.02685264211,134318.55555555556,9
129671.823307079,185509.66666666666,3
129687.88554680411,111694.8,5
129746.87349606185,120640.7,10
129805.18904386842,132621.83333333334,12
129810.56283463912,173990.0,1
129827.80580475778,134042.05,20
129829.68562007732,121348.375,8
129832.7488431245,142296.25,8
129889.06253718212,134973.27272727274,11
129910.86748030924,156401.0,3
129924.7158460844,125652.4,10
129960.439658347,125297.82352941176,17
130042.98496061849,86805.0,1
130067.21553805268,173353.33333333334,3
130076.99624015462,163916.0,1
130096.87588825308,126182.42857142857,14
130126.24248030924,168483.5,2
130154.13426321057,144141.6,5
130215.46988049967,131661.14285714287,28
130216.72180386126,176937.0,1
130228.12999585456,133055.66666666666,6
130235.774435693,126897.25,4
130246.14528948451,140959.25,12
130260.52349606188,146895.375,8
130328.6577236926,126914.41666666667,12
130332.99331583043,156550.0,1
130341.14980834856,118195.41666666667,12
130356.73496061849,150702.0,2
130386.6212401546,126478.66666666667,3
130411.32664916378,160716.0,2
130431.10999708284,125251.60714285714,28
130497.21587466467,131037.3125,16
130519.86226914712,143467.22222222222,9
130520.39849606184,145596.0,8
130524.39598949828,138245.5,4
130537.498230661,130872.8,10
130537.71608353204,122175.46153846153,13
130573.68973311924,202340.25,4
130596.21148601008,131642.0,13
130601.61174803096,120431.90909090909,22
130613.70317823804,142121.16,25
130619.46532983276,129489.33333333333,9
130644.82351138478,141153.77083333334,48
130674.91693932322,141995.25,20
130693.41997749628,148636.0,1
130699.72180386126,145695.5,2
130743.25403920157,138644.375,16
130751.9879684948,168576.75,4
130796.27712035342,167988.0,2
130815.95960475436,130861.55555555556,9
130818.1879684948,147072.33333333334,3
130822.79899737456,125779.72727272728,33
130831.57967487862,129679.91666666667,12
130867.52237720176,124737.27272727272,11
130921.6913821919,122144.31578947368,19
130922.01918045864,130380.81818181818,11
130922.7310686156,144488.5,14
130952.98496061849,151497.0,4
130955.60325215055,123745.5,10
130958.44620146464,142393.57142857142,7
130978.99140606773,170318.0,2
130985.08434097712,131681.2,5
131006.43045096532,113534.0,9
131007.84310761052,121649.125,8
131017.68233070787,141684.93333333332,15
131040.95094863031,154040.0,4
131046.24248030926,171585.0,4
131063.54323297756,123752.8947368421,19
131118.17293191026,153081.0,4
131129.44552856326,132814.53846153847,13
131135.4849606185,156064.0,1
131151.30874015464,148582.4,5
131163.9128375614,138458.16666666666,24
131339.9036220431,170125.0,1
131341.5879684948,157466.0,4
131370.9962401546,136304.0,3
131371.2713600562,126294.4,10
131376.0522134708,141002.7142857143,7
131415.497686249,121406.7,10
131416.11748030924,133346.5,4
131429.64661415797,155190.0,1
131469.6380533677,134450.35,20
131513.6646614158,151685.55555555556,9
131516.43347483638,140617.57142857142,7
131573.49398424738,146793.0,2
131603.3986631661,154477.0,3
131620.31681460168,138295.45454545456,11
131642.65664041232,170708.0,1
131667.063909619,128048.78571428571,14
131675.64699212371,155459.0,3
131692.55653543217,137748.18181818182,11
131726.46816005048,113082.28571428571,14
131819.44907658853,134701.0,1
131829.31328082466,125880.0,2
131849.18796849478,183343.0,1
131865.94975225546,154497.7142857143,7
131869.16541338488,115964.25,8
131907.1360753426,117939.16666666667,12
131909.2349606185,152772.0,2
131924.95390619454,152587.75,4
131930.77424803094,133363.25,12
131935.24498687286,126803.0,5
131956.70258967543,133042.77777777778,9
131970.44907658853,138706.5,2
131988.99914060676,132526.86363636365,22
132024.07832020617,126589.8,5
132037.82347141192,144621.0,6
132058.32999124855,88572.0,1
132059.57832020617,201076.0,4
132090.54712112978,132221.63157894736,19
132107.2208853883,136156.75,8
132111.8561879758,143960.1,40
132117.61891133123,138570.568627451,51
132119.47791338488,107803.625,8
132145.97994749132,149380.66666666666,3
132187.73525901246,120644.83333333333,6
132193.497265567,151932.85714285713,7
132201.44578532822,140450.9375,16
132201.7067668073,139322.4,10
132226.66265616493,139561.25,8
132249.85053841182,131574.0,18
132270.69879684946,131500.92307692306,13
132274.92932283162,159975.66666666666,3
132288.8936814469,125132.35294117648,17
132293.9849606185,138201.0,1
132303.99699212372,145523.85714285713,7
132363.68758077495,136571.85714285713,7
132382.5879684948,152453.0,4
132517.9215344224,135954.42857142858,7
132523.74699212372,142021.42857142858,7
132527.3879684948,148329.0,2
132552.5939842474,169608.0,1
132598.35843503865,144702.83333333334,6
132600.41105697028,124421.14285714286,28
132709.8208853883,134060.2,10
132712.4849606185,193114.0,2
132718.47056306555,145340.0,24
132719.78141731958,130554.2,5
132742.85879684947,129684.92307692308,13
132749.8879340075,139261.63636363635,33
132762.21553805267,140001.33333333334,3
132790.55874015464,121197.33333333333,6
132809.49928383896,132917.85714285713,21
132816.48997374566,152523.75,4
132831.17085564262,176923.41025641025,39
132831.8939842474,126524.0,4
132861.1712974989,147204.5,4
132864.42570678447,125844.28571428571,7
132901.82176007275,133434.83333333334,12
132903.54887138598,181845.0,1
132936.24248030927,193836.0,4
132954.6939842474,173199.75,8
132956.5231496039,143429.0,4
132967.64661415797,140003.0,1
132989.5987968495,124019.3,10
132990.15759369897,146044.66666666666,6
133032.9987467182,127518.52,25
133040.86825744508,202689.75,4
133051.15664041232,156631.5,4
133070.4411508168,131234.54545454544,11
133117.97994749132,170023.0,1
133142.3886888032,144756.5,2
133151.132531233,201186.25,4
133180.26407841782,128372.42857142857,14
133181.94277340206,149392.89655172414,29
133198.1840711569,130060.11111111111,9
133217.11748030927,161360.4,5
133232.10241107712,132874.88235294117,17
133265.4116535395,129903.0,1
133275.7875275585,130941.55,20
133292.86748030924,162459.0,1
133319.64661415797,169418.0,1
133361.08817465793,146160.6,5
133366.65413521507,150901.44444444444,18
133434.6323307079,118688.5,14
133507.11410838083,120613.5,2
133627.10442694154,159952.83333333334,6
133635.88485489247,185326.75,4
133639.5773642756,130385.0,15
133656.36736565744,131551.22222222222,18
133673.63089477035,129123.0,6
133687.1237467182,129750.73333333334,15
133689.6969921237,143064.0,5
133719.53592300878,133353.5625,16
133750.3126232881,135088.66666666666,6
133759.56566404123,141494.57894736843,19
133811.75904011782,135435.25,4
133849.9849606185,125971.75,4
133905.37249343644,138173.4,5
133931.79759369895,107589.33333333333,3
134070.9207631721,161373.85714285713,7
134072.99759369896,138192.75,4
134083.7676882686,139857.88888888888,9
134091.29041338488,121107.58333333333,12
134110.07832020617,161946.5,2
134111.4849606185,117216.0,2
134210.08755205496,127309.0,10
134211.73346617294,138899.0,5
134238.823307079,146787.0,3
134241.45708005154,137880.0,6
134244.7349606185,151430.0,3
134357.36814231385,149094.7142857143,7
134385.72180386126,153544.0,1
134426.26265616494,149219.0,3
134438.323307079,163235.0,3
134480.4819304024,142710.625,8
134506.48997374566,176205.0,2
134520.18796849478,171979.0,1
134571.99498687283,197401.0,3
134617.78796849478,181426.0,2
134622.42427446242,144834.25,4
134624.9879684948,168586.0,2
134640.12124015464,90906.0,1
134645.7396267125,128467.41379310345,29
134646.705691782,146363.25,4
134665.80229249955,126551.5,14
134724.67547878946,123617.0,5
134727.43526986314,129633.53333333334,15
134746.94849606184,126477.0,13
134767.99699212372,138483.85714285713,7
134777.82347141192,133653.24,25
134779.18542105885,144570.92307692306,13
134792.48997374566,151809.0,1
134805.43940713158,136043.07142857142,14
134824.29406823975,140191.5,4
134828.1712974989,145123.16666666666,6
134834.7474934364,137855.42857142858,7
134899.7158460844,152036.15384615384,13
134906.2969921237,130732.4,5
134932.48997374566,142095.5,4
134963.99331583045,156652.0,2
135062.1836898842,138209.2142857143,14
135091.71285339224,133084.83333333334,12
135104.7939842474,140369.5,2
135132.7220635336,150492.6,5
135145.67908374884,141699.44444444444,9
135158.57832020617,152236.0,3
135166.41541338488,177512.85714285713,14
135182.0969921237,137094.4,5
135200.0683684296,139794.1875,16
135262.24060128708,128128.66666666667,15
135267.2073601302,152937.83333333334,6
135288.17908374884,152217.2,5
135289.705691782,80645.0,1
135295.078410198,136898.8125,16
135301.56856392734,184491.66666666666,3
135308.4849606185,169461.0,1
135318.64661415797,177168.0,2
135332.99248030924,148923.5,4
135350.15759369897,136211.33333333334,6
135356.47961235524,128665.27777777778,18
135375.90627723807,121312.8947368421,19
135380.63362920337,151810.4,5
135424.04511261563,145911.25,12
135449.0612467182,158403.33333333334,12
135468.4377602749,121833.0,3
135468.88220471932,177582.0,3
135502.51912358584,142538.16666666666,6
135516.83676911207,142088.92307692306,26
135534.5939842474,172634.0,1
135537.24699212372,130588.0,1
135565.8899965755,139559.92307692306,13
135593.86748030924,144051.0,1
135603.86748030924,151591.0,1
135607.11488005752,123453.16666666667,12
135619.88531446166,200840.75,4
135625.70582676976,148095.75,8
135637.20998874813,141282.5,4
135669.62650796448,168467.9,10
135687.7349606185,173948.0,2
135716.4199774963,173160.0,2
135725.995372498,69977.0,1
135731.36814231385,137216.23076923078,26
135781.59580391087,147681.84615384616,13
135845.0366008014,138505.63157894736,19
135851.31328082466,171294.0,1
135861.74248030924,170595.0,1
135883.22349606184,131110.07142857142,14
135896.36748030927,170318.0,1
135921.26725840673,188995.25,4
135966.63362920337,130671.8,5
135972.823307079,182261.0,1
135982.24498687283,156954.33333333334,3
136003.67642294551,146799.0,3
136044.09609371886,130025.71428571429,7
136071.5334847087,148525.85714285713,7
136074.3879684948,168445.33333333334,3
136087.43656003865,133625.0,15
136099.73343503865,140126.375,8
136107.98997374566,174621.0,1
136113.49398424738,143495.2,5
136121.18796849478,176616.0,2
136168.71640621728,102320.58333333333,72
136179.12048396276,145268.11111111112,9
136183.45582676976,140013.85714285713,7
136219.13426321055,109956.0,1
136243.12666262753,143388.63636363635,11
136247.95181102154,102435.0,1
136253.97994749132,160615.0,1
136277.7319964994,136986.57142857142,14
136280.64661415797,166497.0,2
136326.10442694154,180059.0,1
136328.15664041232,97605.0,1
136336.13426321055,158686.0,2
136369.25825402062,147896.8,10
136424.51958005154,136539.36363636365,11
136445.93118377074,139503.97222222222,36
136447.17293191026,164386.66666666666,6
136506.48997374566,135219.0,5
136533.54887138598,168763.33333333334,3
136547.1380533677,200996.0,4
136595.63948314034,156831.66666666666,6
136613.41171870602,134879.1,10
136632.99713535592,164982.83333333334,6
136672.9974934364,138335.42857142858,7
136700.0293700773,155473.9,10
136700.3879684948,170490.0,3
136701.59598949825,131801.5,6
136715.49699212372,150678.8,5
136729.2759975765,130469.14285714286,14
136740.0854402249,143617.5,4
136779.9036220431,112254.5,2
136783.823307079,163102.0,2
136861.21450671516,135784.38095238095,21
136874.9984574993,141148.36363636365,11
136876.823307079,137904.0,2
136876.99248030924,180249.0,1
136913.49248030924,193656.25,4
136915.44221638795,121981.44444444444,9
136941.41499562428,118998.9,10
136958.17033939567,172484.75,8
136961.11410838083,128591.83333333333,6
136969.31254593085,142714.66666666666,15
136988.9411383564,122382.38461538461,13
137025.4558267698,130344.42857142857,7
137026.67879684948,144567.0,5
137042.9558267698,125238.66666666667,3
137064.9914060677,166778.0,3
137081.9879684948,173552.0,2
137091.85345168135,127564.5,4
137133.61748030927,177437.0,1
137140.7913177825,139539.13636363635,22
137154.9879684948,178935.0,1
137188.46194737742,147799.22222222222,9
137191.77554972126,147121.0,5
137195.26725840673,100173.0,1
137218.56283463913,136539.0,1
137223.4199774963,192412.0,2
137235.64661415797,195661.0,3
137251.97210111772,138740.82352941178,17
137308.18464749938,139159.75,12
137322.93624671822,143056.14285714287,14
137369.7349606185,198747.0,2
137380.21553805267,195709.75,4
137383.99331583045,129339.0,2
137391.5276424257,179095.5,4
137426.31328082466,161291.5,4
137430.28356580265,137210.66666666666,6
137453.60241107712,137732.38888888888,18
137467.77109360823,175563.0,2
137470.61999574254,147725.875,8
137478.93374015464,167952.5,4
137481.8142063809,126367.9,10
137489.3879684948,166545.0,1
137514.86090193063,121262.33333333333,3
137519.63078740097,198125.0,4
137519.69076519163,144695.63636363635,11
137560.60608010757,125213.25,4
137587.93940713158,126518.0,5
137610.99331583045,158312.0,2
137613.92427446245,152016.0,1
137621.8939842474,119322.5,2
137641.788418289,142285.88888888888,9
137643.61748030924,127653.0,2
137650.15664041232,172197.0,1
137663.13350925603,146835.5,8
137724.8939842474,116036.0,2
137728.19828121352,155857.27777777778,18
137729.7349606185,159776.0,2
137734.99331583045,150350.0,3
137755.5757662014,143099.7,10
137760.81271295217,99495.0,1
137787.63396575354,136220.84615384616,13
137797.6939842474,189544.0,4
137811.04511261563,145677.64705882352,17
137815.1387968495,149356.64705882352,17
137844.30586456633,119714.94594594595,37
137860.0522134708,164625.8,5
137866.61748030924,172332.0,1
137871.9849606185,179667.0,1
137888.3879684948,155138.0,1
137893.26301589573,142882.66666666666,9
137923.7939842474,159306.66666666666,3
137945.27712035342,172009.0,3
137947.57576620142,139491.5,14
137948.91838455602,127856.1,10
137966.61748030927,161534.33333333334,3
137997.29057896906,123844.75,4
138056.56156003865,136609.36363636365,11
138107.78605583255,125503.83333333333,6
138170.07599757652,133676.0909090909,11
138236.96344284393,132488.0,5
138240.60776902633,150086.33333333334,6
138275.07484609808,154652.22807017545,57
138276.2199941657,128760.5,4
138278.88220471932,162484.0,1
138280.08434097713,153631.0,2
138302.0969921237,147026.4,5
138314.72845547978,140600.0,6
138369.77109360823,154897.5,2
138369.9036220431,167544.5,2
138380.9849606185,177283.5,8
138394.6284127618,151870.2,5
138396.6641601031,138635.33333333334,3
138421.54887138598,191105.0,3
138423.18295712868,145194.64285714287,42
138451.64899737455,135414.93333333332,15
138521.98997374566,132968.5,2
138522.31328082466,185800.0,2
138571.33046868924,147794.0,4
138574.06265616493,162742.14285714287,7
138596.33773939474,134257.6923076923,13
138617.53128778184,194258.66666666666,12
138700.96787401434,146668.5,10
138743.2168700773,196368.33333333334,3
138745.86748030924,148513.5,2
138789.94277340206,158766.44444444444,9
138794.27712035342,173845.0,1
138801.24699212372,137343.0,7
138835.705691782,176451.0,2
138840.27712035342,173523.0,1
138857.09237345116,121437.66666666667,6
138865.63948314034,139923.63636363635,11
138907.26725840673,121600.33333333333,39
138953.823307079,141255.33333333334,3
139032.18796849478,155338.5,2
139084.7939842474,164275.0,1
139087.36748030924,133095.0,2
139095.95922471053,158914.33333333334,9
139098.39879684948,134364.0,21
139123.56283463913,150322.66666666666,3
139156.48856821374,136586.07692307694,13
139221.4141601031,126094.6,5
139231.38307288394,155565.9,10
139239.31328082466,113132.0,1
139262.1641601031,155523.25,4
139293.77644094385,151137.94285714286,35
139307.6231200773,144179.36363636365,11
139327.4849606185,164297.0,3
139356.5522134708,159238.4,5
139357.7349606185,144511.5,2
139390.1633245819,141735.85714285713,7
139394.705691782,171144.0,1
139420.823307079,169313.0,1
139429.67879684945,148188.36363636365,11
139443.2449154504,129696.93333333333,15
139457.84854892484,117780.66666666667,3
139478.18796849478,159402.0,3
139490.4974934364,136501.375,8
139508.15759369897,138383.22222222222,36
139571.67759369896,120623.75,4
139583.4849606185,152361.0,1
139631.2891601031,132016.1,10
139645.4051793509,145974.75,8
139652.4199774963,169340.0,1
139664.36748030924,171237.0,2
139668.61748030924,128445.0,1
139673.76467749945,135308.0,15
139692.31928008836,140815.2,5
139700.2891601031,148367.0,1
139711.64661415797,176137.0,1
139720.99331583045,108862.0,1
139737.89157065653,122349.0,6
139821.31786898882,125320.875,8
139862.4527224992,155791.33333333334,21
139890.88554680411,145704.8,5
139906.97994749132,91691.0,1
139934.16499562428,148585.0,6
139954.31681460168,132821.66666666666,6
139961.9849606185,191030.0,4
139981.22961235527,140421.375,8
140019.48997374566,151152.0,1
140039.91566404124,192243.0,4
140046.95759369896,180243.25,4
140053.6862467182,144536.84615384616,13
140056.96344284393,164178.66666666666,6
140064.53998567944,148991.1,10
140068.24699212372,148398.33333333334,3
140091.36748030924,165841.0,1
140155.36748030924,173309.0,2
140155.65664041232,169363.0,1
140180.9914060677,178182.0,1
140189.3907086598,128620.0,4
140190.94578532825,135638.66666666666,12
140196.58469661613,143869.66666666666,6
140270.9879684948,163355.0,2
140278.1270916927,147400.5,4
140285.15664041232,168586.0,1
140312.705691782,161890.66666666666,3
140318.0969921237,150404.0,7
140327.4199774963,113016.0,1
140348.3879684948,76289.0,1
140355.58820108906,149821.5,10
140387.15664041232,152292.0,2
140409.03759369897,151386.33333333334,3
140413.323307079,163358.0,1
140421.7939842474,156107.0,3
140438.86748030924,153030.6,5
140461.77109360823,160154.4,5
140492.823307079,116338.0,1
140502.5258730867,143002.83333333334,6
140506.73851268424,148895.72727272726,11
140511.94110235968,167135.33333333334,3
140528.7411383564,140663.875,8
140553.882321918,141792.5652173913,23
140557.4986327835,142178.0,17
140699.3939842474,106792.0,2
140713.6385601767,108620.0,1
140730.86748030924,180880.5,2
140746.8939842474,167525.33333333334,3
140755.10442694154,179552.0,1
140763.323307079,173629.5,2
140808.45181102154,129972.66666666667,3
140814.62740157312,142028.625,8
140872.34743819703,149231.92307692306,13
140886.2939842474,159933.66666666666,3
140888.2793700773,154999.875,8
140888.74498687283,166632.0,3
140897.0522134708,137861.0,7
140903.56256006344,137144.5,4
140910.6599824971,178152.0,1
140920.9984574993,147616.4,10
140928.34499697064,149551.0,8
140974.95922471053,141430.55555555556,9
140977.64661415797,162298.0,2
140978.19849606184,144565.0,13
141005.17879684948,147442.3,10
141009.1137679094,139530.33333333334,45
141015.49856767795,148205.35714285713,14
141020.29699212368,142110.75,4
141054.93940713158,138661.0,9
141058.84854892484,161437.8,5
141072.91042793365,109986.5,6
141083.56970978496,148741.1,10
141092.11256692783,149388.2,40
141154.77999315108,198949.66666666666,3
141155.9495163083,141142.5,2
141162.31328082466,136361.0,1
141169.99856767795,202511.5,4
141194.16466141582,140479.8,5
141202.0391601031,149133.8076923077,26
141244.97994749132,199085.0,3
141274.56856392734,128443.33333333333,6
141286.4849606185,176690.0,1
141287.93940713158,140668.75,8
141291.8866608324,156090.25,8
141302.77109360823,169330.0,3
141312.14592009163,156415.5,12
141339.94115081683,150227.5,8
141374.81271295217,160187.18181818182,11
141377.15472855128,142024.33333333334,9
141412.32664916376,146111.75,4
141430.56856392734,142049.0,7
141432.1237467182,146896.25,12
141468.09685965636,138668.3,10
141469.9879684948,171951.33333333334,3
141510.5864659551,139722.5,8
141563.98997374566,141885.0,1
141584.331510378,132994.75,12
141585.17642294551,188496.3076923077,13
141588.323307079,182984.0,1
141593.7349606185,98057.66666666667,3
141611.0494653934,168594.33333333334,3
141660.74248030924,139344.75,4
141694.64699212371,138739.0,4
141696.10442694154,162073.45454545456,11
141711.74474309277,147294.2105263158,19
141738.453178238,149838.2,5
141751.74248030924,170166.25,4
141757.36748030924,152513.0,1
141783.36412448372,148482.06666666668,15
141792.5411383564,130548.1,10
141857.97999702778,136091.04,25
141861.72431063675,129716.33333333333,9
141917.9849606185,179857.0,1
141943.21553805267,138817.0,2
141944.78356580265,145708.1,10
141959.79799474913,148963.0,10
141960.0213600562,142402.5625,16
141963.09499697067,135497.22222222222,9
141964.56283463913,181845.0,1
141981.20285392803,142509.36363636365,11
141994.64310761052,148981.0,4
142003.2713600562,145781.83333333334,12
142019.63089477035,148593.88888888888,9
142078.0323307079,203368.0,4
142108.81271295217,174513.0,2
142206.11748030924,139158.0,3
142213.38307288394,122221.36363636363,11
142226.98997374566,168850.6,5
142266.33046868924,158508.5,2
142287.4069355607,145756.2,25
142296.32349606184,142247.77777777778,9
142316.14113835638,150156.66666666666,3
142331.98997374566,193729.5,2
142338.94110235968,168730.0,2
142344.2349606185,76679.0,1
142346.24248030924,176266.0,1
142347.3879684948,157563.33333333334,3
142357.84854892484,137610.0,2
142370.51418846688,148326.44444444444,9
142376.93754780557,143184.27272727274,11
142386.92427446242,158292.85714285713,7
142422.28916010307,136562.5,4
142434.88220471932,160094.0,4
142483.2939842474,135594.0,1
142495.323307079,153354.66666666666,3
142524.94899737457,176694.53333333333,15
142564.95795596886,127647.67647058824,34
142584.71213723122,124617.8,5
142585.4199774963,178429.33333333334,3
142588.99248030924,129089.33333333333,3
142626.99882044067,149604.57142857142,14
142628.9879684948,166510.0,6
142629.4469921237,134065.0,4
142667.11965245643,144244.5,20
142688.9376377926,146701.66666666666,6
142691.6334585091,121870.71428571429,14
142708.56283463913,175110.5,2
142742.61748030924,173095.0,1
142758.1293228316,107559.66666666667,3
142785.24310761053,144585.63157894736,19
142793.74248030924,182402.0,1
142812.96321147276,154821.17647058822,34
142817.98072440864,151345.2,10
142858.3030648057,173664.0,10
142894.15934975722,143116.57142857142,7
142905.0671316053,161690.0,1
142924.1846474994,141515.11764705883,17
142931.99817704465,152171.375,8
142932.96073490646,200672.25,4
142952.4377602749,191480.0,5
142964.73666291605,138223.42857142858,7
142971.1633245819,172119.0,4
142974.78796849478,166934.0,3
142985.93347483638,134445.7142857143,7
143013.34972547228,140049.08333333334,12
143018.40268927836,148575.6923076923,13
143038.24785151694,122078.0,5
143068.2449868728,144331.75,8
143071.5761518266,162773.4126984127,63
143078.2349606185,108059.0,1
143086.48997374566,147319.0,1
143103.05528485143,146240.33333333334,3
143156.73346617294,139710.63636363635,11
143175.61748030924,193524.0,3
143178.17260527116,138463.2857142857,14
143178.48997374566,173443.0,1
143210.36090193063,168388.25,4
143215.15421872164,147654.5,8
143233.6284127618,154591.0,2
143240.07599757652,142229.07692307694,13
143260.74248030924,168300.25,4
143296.705691782,182776.0,2
143301.5864659551,140895.26666666666,15
143301.99853274325,153800.25,8
143331.323307079,145850.0,1
143332.2912156701,137178.0,4
143351.04127324413,128068.92307692308,13
143351.86748030924,139009.0,2
143363.36748030924,196978.5,2
143364.823307079,158645.75,4
143383.64352014553,131272.75,8
143431.25999170917,157066.33333333334,3
143443.4849606185,173755.0,1
143465.65664041232,157593.66666666666,3
143539.06928008836,149215.57142857142,7
143549.17634931582,171624.5,2
143556.24498687283,149864.0,1
143573.64699212371,198084.0,4
143609.24248030924,166162.0,1
143653.823307079,165245.25,4
143664.46532983275,131696.5,8
143671.77109360823,166743.0,1
143686.72055117984,143925.5,4
143691.13426321055,153064.0,3
143701.99398424738,158401.0,3
143707.78730466295,131180.25,4
143727.7939842474,151058.0,2
143735.7365148902,196019.66666666666,9
143738.44907658853,159412.75,4
143738.8053785567,121981.0,1
143741.4849606185,144872.0,2
143759.3879684948,96532.0,2
143777.1293228316,152883.75,8
143783.705691782,152963.0,1
143824.72349606187,134469.4,5
143842.15664041232,175889.0,3
143849.82850728667,144162.66666666666,6
143869.823307079,160604.0,2
143885.2441479712,196028.5,4
143911.15664041232,97097.0,1
143922.0969921237,142493.33333333334,3
143936.15664041232,165078.5,2
143938.994531134,48458.0,1
143959.0854402249,163247.5,2
144022.2424351823,150109.0,8
144037.21553805267,191680.0,2
144040.9849606185,145030.66666666666,6
144041.45691095953,183196.0,4
144106.56856392734,138825.33333333334,6
144118.323307079,179783.75,4
144129.86061296114,202218.0,4
144134.32664916376,149139.0,1
144138.43132808246,144514.2,5
144176.8939842474,180201.5,2
144181.74248030924,180121.0,1
144192.11256692783,163990.9642857143,28
144203.02848007495,130048.88888888889,9
144214.98997374566,167224.0,1
144225.0939842474,176175.0,2
144233.8731200773,153847.14285714287,7
144258.56283463913,164491.66666666666,3
144263.11587771983,146722.53333333333,15
144266.9043700773,135832.33333333334,6
144281.49248030924,170500.0,1
144284.61748030924,120988.0,1
144308.63948314034,135031.14285714287,14
144315.28284964163,192249.5,2
144328.13426321055,160276.66666666666,3
144332.41499562428,147632.0,5
144364.79102905083,145629.0,12
144389.94110235968,149343.5,4
144401.15664041232,175361.0,1
144421.78796849478,180860.0,1
144423.3879684948,161252.66666666666,3
144437.5522134708,155970.2,5
144464.823307079,169543.0,2
144507.13499641986,136601.0,12
144528.71888013746,161438.6,5
144539.4377602749,175888.0,2
144544.26382121284,133057.3,10
144559.1616535395,191276.375,8
144564.36748030924,110731.0,2
144574.17908374884,160349.14285714287,7
144576.74785151694,159332.58333333334,12
144587.44110235968,140407.2,5
144589.9914060677,172297.0,1
144657.65664041232,153825.5,2
144660.29057896906,160560.5,4
144666.26725840673,142758.0,4
144674.36970978495,190519.55555555556,9
144689.72180386126,148538.5,2
144711.9849606185,199910.0,1
144725.8594400687,144799.2,5
144734.80341079205,151845.35,20
144751.2349606185,162831.0,1
144773.3206400798,155955.44444444444,9
144844.34940249848,145735.66666666666,3
144854.78796849478,157534.0,1
144931.11748030924,188605.0,4
144938.11748030924,174070.0,1
144943.49248030924,174027.0,1
144978.0469921237,184278.25,4
144992.98997374566,171810.0,2
145007.88220471932,154718.0,1
145015.9987722954,154344.8148148148,27
145024.2168700773,140942.66666666666,3
145045.03031749916,143773.1,10
145058.23930491292,138665.4375,16
145089.53891466145,144789.25,12
145098.85427821305,166325.5,2
145116.87881426318,144191.33333333334,3
145121.9033295827,139163.45454545456,11
145124.47051802496,137139.25,4
145131.6804509653,142030.80952380953,21
145138.15472855128,155525.5,4
145154.2793700773,160146.8,10
145189.9849606185,171621.5,2
145205.1899939413,143140.88888888888,9
145217.0522134708,142827.0,2
145229.24699212372,155313.25,8
145233.2349606185,172168.0,2
145243.5411383564,135868.5,14
145252.323307079,164427.0,1
145255.44907658853,92855.0,1
145281.84152634416,184188.0,4
145290.58817465793,201548.75,4
145295.9849606185,154731.5,2
145299.79828121353,161215.8,5
145335.9879684948,163967.0,1
145355.0854402249,156658.5,2
145362.705691782,134516.5,2
145385.9469921237,122902.0,1
145442.4469921237,166620.33333333334,3
145447.03916010307,162469.4,5
145486.2349606185,162018.5,2
145487.42642294551,141422.14285714287,7
145518.2969921237,174276.5,2
145531.3879684948,154151.0,1
145542.3879684948,178270.0,1
145544.36748030924,157841.0,2
145590.13585663703,158546.83333333334,6
145594.39699212371,131344.66666666666,3
145616.40576004193,129512.16666666667,6
145639.77554972126,155140.125,8
145692.13426321055,142973.0,5
145799.5918700773,127045.66666666667,3
145824.0854402249,153677.25,4
145836.26999283972,157013.25,12
145844.7349606185,169722.0,2
145852.48997374566,160826.0,1
145906.62124015464,134241.75,4
145922.99331583045,166730.0,1
145940.79759369895,159274.83333333334,6
145941.2939842474,177566.0,2
145959.33179083266,201655.25,4
145975.61748030924,156116.0,2
145978.8939842474,202254.0,2
145997.1616535395,175964.33333333334,3
146001.24248030924,181171.0,1
146040.4199774963,145936.6,5
146046.61618297495,132035.16666666666,6
146049.86265616494,143663.57142857142,7
146053.18796849478,171728.33333333334,3
146067.08817465793,154521.44444444444,9
146094.3939842474,153782.0,3
146103.07184601758,156089.6,10
146111.7349606185,163082.5,2
146115.10442694154,195055.0,3
146126.4849606185,165236.25,4
146146.65664041232,158447.0,4
146156.91844942106,164888.0,2
146167.3469921237,150139.0,6
146171.411718706,150236.45454545456,11
146180.56283463913,182611.0,1
146230.9879684948,152904.5,4
146236.06257556367,144887.0,8
146284.49248030924,154880.5,2
146293.5879684948,179144.0,1
146338.72590551077,133376.0,5
146339.4116535395,159373.42857142858,7
146373.5879684948,159166.5,2
146448.4849606185,157360.0,1
146460.77109360823,169461.0,1
146486.53998567944,138656.0,2
146505.4199774963,156411.33333333334,3
146506.93757098404,142947.5,6
146534.88058360218,165061.0,4
146547.9236978694,160033.875,8
146553.99331583045,88008.0,1
146562.78796849478,171592.0,2
146589.81999073378,153378.4,5
146592.55332749904,151924.5,8
146611.5209448797,164934.0,2
146630.70234367496,134474.75,4
146630.95317823804,130461.77777777778,9
146642.24248030924,160817.0,2
146657.47759369898,151999.46153846153,13
146660.78796849478,177308.0,1
146675.18796849478,169593.0,2
146677.6939842474,130127.0,3
146689.99713535592,161845.0,5
146692.2793700773,158248.375,8
146701.6599824971,170140.33333333334,3
146702.6060801076,154586.2,5
146705.7121372312,165469.66666666666,3
146715.74248030924,153155.5,2
146757.48997374566,169656.0,1
146786.0939842474,168780.0,9
146787.32664916376,182199.0,1
146788.4116535395,177018.66666666666,3
146813.32832020617,133533.66666666666,3
146829.49248030924,82853.0,1
146840.14699212371,147896.33333333334,6
146876.61748030924,153315.5,2
146897.18796849478,171496.0,1
146926.53383403647,168934.5,4
146944.64955836843,202287.0,4
146949.61748030924,198265.0,4
146959.15664041232,183207.0,1
146967.98997374566,198297.66666666666,3
147009.6616535395,150406.0,2
147052.5939842474,132092.0,2
147058.1969921237,160396.5,2
147075.4849606185,151155.33333333334,3
147083.88230163362,197753.75,4
147094.0722955749,183736.0,6
147137.49624015464,149453.4,5
147167.03759369897,159052.44444444444,9
147174.6856200773,129854.25,8
147184.5522134708,136767.75,4
147194.6599824971,197013.0,4
147195.44907658853,183022.0,1
147201.54887138598,146307.75,4
147227.98997374566,169894.5,2
147275.03916010307,144790.0,2
147289.29849606185,194440.0,4
147291.72180386126,144918.0,2
147296.98997374566,148095.0,3
147309.0939842474,173098.0,2
147326.1876115464,169181.33333333334,3
147335.55388451315,164015.0,4
147354.13426321055,51185.0,1
147403.15664041232,173026.0,1
147426.27712035342,176276.0,5
147426.32269844523,158326.2,5
147436.0939842474,178270.0,1
147465.28141731958,155677.25,4
147465.323307079,169182.5,2
147494.852845891,187950.0,4
147497.1385601767,153814.0,1
147501.9914060677,182883.2857142857,7
147539.20482215428,170786.625,8
147549.49398424738,148655.8,5
147573.9914060677,163295.33333333334,3
147593.91759369898,155856.55555555556,9
147609.4199774963,160508.0,1
147617.6224934364,154022.0,11
147625.71888013746,151173.5,4
147657.1385601767,155005.75,4
147688.9018972607,180449.16666666666,6
147694.60776902633,157148.5,6
147746.2939842474,144920.0,3
147763.24624015464,149117.83333333334,6
147772.49248030924,161184.0,2
147775.99805943464,148084.75,4
147788.24498687283,136586.0,1
147811.28399549925,156765.8064516129,31
147818.98997374566,168720.33333333334,3
147819.994531134,148135.0,2
147862.76116720436,155389.57142857142,7
147868.45691095953,166056.0,1
147889.0293700773,144890.375,8
147918.26265616494,168760.66666666666,18
147918.823307079,169932.0,1
147930.84854892484,148911.0,1
147934.11748030924,149085.5,2
147949.99248030924,142130.5,2
147972.21553805267,140072.0,3
147973.6543700773,154104.4,5
147975.57578118285,149127.66666666666,3
147991.56283463913,200450.0,4
147997.3939842474,157313.5,2
148003.6939842474,196825.0,3
148011.12124015464,159522.5,2
148049.3053785567,148904.5,2
148053.36748030924,178471.75,4
148056.84854892484,161208.4,5
148101.74699212372,154613.33333333334,6
148110.3907086598,172439.5,12
148128.497265567,148044.0,6
148132.67908374884,175221.75,8
148146.13426321055,138574.0,1
148164.3939842474,183743.42857142858,7
148171.705691782,165713.5,2
148174.99331583045,185538.66666666666,3
148204.77999315105,169172.5,16
148220.9125669278,151566.0,3
148230.5939842474,177399.0,2
148233.1616535395,171239.66666666666,3
148233.99248030924,140994.5,2
148235.82176007275,130479.2,5
148253.40999536688,150723.625,8
148270.76999283975,174504.8,10
148292.86748030924,159102.5,2
148296.99777194348,150166.0,10
148300.23759369896,148892.5,4
148312.77109360823,155785.66666666666,3
148327.76604284823,154164.93333333332,15
148330.70234367496,175032.5,2
148351.352845891,152576.0,4
148374.6599824971,146272.0,1
148379.65664041232,166463.0,2
148456.10209697232,143359.2857142857,7
148464.6599824971,168366.0,1
148484.9984169072,126688.57142857143,35
148487.10776902633,161602.33333333334,3
148489.11748030924,140154.0,1
148491.32664916376,145222.0,1
148521.57870459592,195605.25,4
148541.86748030924,154765.33333333334,3
148566.54887138598,159148.66666666666,3
148570.3879684948,168569.66666666666,3
148606.26265616494,154746.83333333334,6
148612.1385601767,172205.0,3
148624.78796849478,162858.0,1
148625.99792560254,160098.8,5
148626.20998874813,156727.5,6
148630.78796849478,181990.66666666666,3
148638.58469661613,146412.6,5
148648.87881426318,146985.2,5
148656.13426321055,106314.0,1
148674.13362920334,146043.33333333334,6
148676.3724934364,165003.2,5
148684.74248030924,46944.0,1
148695.4787968495,156974.25,8
148696.9879684948,180518.0,1
148723.92713910653,155618.36842105264,19
148734.86683795982,148620.0,4
148787.18796849478,148734.4,5
148794.9914060677,154327.66666666666,3
148816.26999283975,153939.25,4
148817.9849606185,184134.0,1
148823.9914060677,197111.0,3
148828.98997374566,183024.0,1
148832.17293191026,163661.66666666666,3
148838.9072679537,148498.75,4
148888.3879684948,132927.5,2
148898.0939842474,162849.0,2
148901.98997374566,171550.0,2
148940.9914060677,153297.0,2
148957.8053785567,146253.2,5
149003.49849606183,169430.66666666666,12
149026.99331583045,163305.0,1
149097.0395886219,153868.11111111112,9
149112.2073601302,143894.5,4
149139.705691782,173371.0,2
149148.9981200773,159894.5,2
149156.71888013746,157715.5,6
149171.2478515169,151467.14285714287,7
149178.40635647613,151947.5,4
149196.48068422324,146192.44444444444,9
149199.5979947491,145805.25,8
149207.32664916376,160419.0,1
149219.13426321055,172790.0,3
149221.74248030924,120478.0,2
149226.4377602749,162566.0,3
149228.5522134708,164442.5,4
149232.3939842474,160307.0,1
149233.5879684948,156801.0,2
149235.64699212371,172862.0,1
149238.81271295217,135298.0,2
149272.13426321055,174085.0,2
149272.56283463913,135064.0,2
149288.3206400798,167285.55555555556,9
149294.1130708644,153625.125,8
149310.44310761054,151661.38461538462,13
149352.57578118285,146537.7,10
149355.64352014553,164111.4,5
149357.21553805267,143393.0,1
149372.6939842474,160409.0,2
149426.7959894983,148607.0,3
149430.7939842474,126077.0,3
149465.53998567944,170558.0,1
149467.18796849478,106656.0,1
149467.55874015464,153218.8,5
149477.1939842474,185004.66666666666,3
149497.36748030924,181590.0,2
149500.705691782,139123.5,2
149505.78796849478,187132.0,1
149513.74749343644,132581.27272727274,11
149543.705691782,176398.0,1
149546.64322072497,150279.75,4
149604.4207631721,196447.25,4
149630.4268526421,166407.53846153847,13
149659.63089477035,148345.0,1
149685.32664916376,175223.5,2
149727.14528948453,133474.83333333334,6
149769.71888013746,162638.5,2
149781.0864659551,198264.75,4
149837.3782731461,202909.0,4
149844.2939842474,158284.57142857142,7
149855.9063564761,167142.0,2
149859.9063564761,156618.7142857143,7
149870.07832020617,175041.66666666666,3
149879.79799474913,144183.57142857142,7
149893.99598949827,154544.4,5
149908.99331583045,192049.0,3
149921.99624015464,163136.66666666666,6
149950.0854402249,181285.0,1
149971.88220471932,154977.33333333334,3
150028.705691782,195389.0,4
150058.0808267698,193774.0,2
150068.0939842474,141061.75,4
150178.3939842474,172381.5,2
150180.99498687283,191550.25,4
150188.27443569302,154620.83333333334,6
150191.84854892484,171814.0,1
150195.3879684948,156992.5,2
150231.5522134708,153552.81818181818,11
150239.17634931582,171736.33333333334,6
150313.17470124923,203009.0,1
150328.49398424738,197517.0,1
150344.4199774963,150291.33333333334,3
150346.7939842474,149352.0,2
150359.9036220431,165328.0,1
150360.7114210702,91911.94117647059,68
150382.25999170917,162207.0,3
150387.5879684948,158674.0,1
150401.05528485143,157434.5,2
150418.21553805267,162892.0,3
150427.49665791524,119383.0,5
150454.7939842474,189866.25,8
150481.705691782,135690.0,2
150494.15230365316,165574.14285714287,7
150494.823307079,185244.25,4
150528.23175543966,160124.6,5
150557.73851268424,119008.5,2
150575.18796849478,135524.33333333334,3
150602.54887138598,168886.0,3
150604.4199774963,156574.6,5
150620.18796849478,192623.0,2
150625.42427446245,162809.66666666666,3
150628.05874015464,153879.33333333334,3
150642.43374015464,155600.83333333334,6
150654.85427821305,145880.66666666666,3
150698.6599824971,146997.0,1
150720.66443861014,137992.125,8
150734.36748030924,187482.5,4
150745.96970978496,136806.2,5
150746.34940249848,165885.6,5
150778.78796849478,170109.0,1
150841.03356580265,144834.66666666666,6
150880.1616535395,111728.0,1
150890.98997374566,130329.66666666667,3
150895.74248030924,127056.66666666667,3
150896.4199774963,182546.5,2
150897.74248030924,167918.66666666666,3
150945.15664041232,173637.0,2
150978.2939842474,168382.0,2
150992.9376377926,133646.75,4
150996.98997374566,191551.7142857143,7
151025.15664041232,154159.33333333334,3
151043.0522134708,166677.75,4
151056.5969921237,187612.66666666666,3
151063.56283463913,137279.0,2
151076.994531134,157440.0,1
151112.10888305458,147231.57142857142,7
151118.99498687283,158601.4,5
151137.78796849478,160154.5,2
151138.12124015464,140624.5,6
151141.417886446,191782.33333333334,3
151194.86748030924,162777.2,5
151200.4733258321,151968.0,3
151212.07832020617,183945.0,8
151217.823307079,147291.33333333334,3
151223.24498687283,200720.5,2
151241.99498687283,169554.0,3
151263.49398424738,154935.7142857143,7
151264.2199941657,165544.875,8
151284.53998567944,172974.0,1
151296.4141601031,203140.0,4
151300.8469921237,175777.5,2
151328.7939842474,177173.5,2
151347.80874015464,147202.0,5
151349.74699212372,117577.33333333333,3
151353.85571053508,161596.41666666666,12
151385.323307079,170124.5,2
151429.07184601758,158693.0,11
151432.0939842474,158207.5,2
151479.89589339675,160082.14285714287,7
151485.18796849478,139257.5,2
151488.64699212371,143323.66666666666,6
151491.34275318874,203059.0,4
151499.53132808246,136892.75,4
151544.18374015464,181728.0,1
151559.88220471932,159467.0,3
151587.71285339224,160777.91666666666,12
151602.15664041232,155349.0,1
151607.24498687283,203138.0,4
151613.86748030924,165698.75,4
151692.82999124855,157283.0,4
151704.6616535395,157353.66666666666,3
151754.55388451315,156512.7,10
151766.80874015464,164159.5,6
151768.65664041232,199534.66666666666,3
151781.38515620882,132960.5,4
151805.7474934364,137261.57142857142,7
151856.88554680411,152615.0,4
151862.60776902633,149597.83333333334,6
151886.78796849478,165483.5,4
151898.36466141578,170308.4,5
151910.47925342497,145833.0,2
151948.99699212372,164551.5,4
151994.72453829428,179420.0625,16
152030.29799474913,137434.75,4
152043.47695309724,141380.66666666666,12
152048.69799474912,154781.2857142857,7
152069.88220471932,138177.0,3
152079.3879684948,164182.66666666666,3
152121.39598949827,140861.125,8
152137.4199774963,200622.0,2
152166.3939842474,175951.0,1
152178.1939842474,176962.0,2
152216.05528485143,174769.5,2
152220.13132808247,154046.57142857142,7
152238.89070865978,141694.0,14
152256.24699212372,139067.25,4
152281.87881426318,159338.8,5
152290.3939842474,126446.0,3
152336.8939842474,166692.0,3
152361.3618134083,157940.42857142858,7
152370.51418846688,158674.57142857142,7
152393.99331583045,151358.0,2
152414.4668700773,157030.625,8
152422.705691782,164066.66666666666,3
152433.74248030924,162041.25,4
152440.47695309724,160469.625,8
152460.77109360823,168419.75,4
152483.36748030924,170853.0,1
152530.70234367496,157737.7142857143,7
152531.86748030924,163983.33333333334,3
152561.32832020617,140963.5,2
152565.6740497966,160754.2,15
152569.24498687283,164755.16666666666,6
152581.69799474912,152497.0,7
152593.39598949827,158767.0,2
152626.6284127618,164070.0,3
152638.18796849478,160812.0,1
152639.65664041232,160160.0,1
152652.3879684948,177991.33333333334,3
152665.0864659551,160898.75,4
152708.7293228316,155277.2857142857,7
152709.22453829428,172049.46341463414,41
152746.72845547978,140611.33333333334,3
152748.49665791524,152532.5,4
152775.58469661613,181514.5,4
152788.93347483638,192694.0,4
152834.46265616495,202168.75,4
152839.61748030924,147957.0,4
152839.9376377926,157441.4,5
152848.3939842474,154310.0,2
152862.9376377926,140820.66666666666,3
152893.43080655334,152359.33333333334,9
152895.4321670641,180591.0,1
152900.49248030924,178976.25,4
152902.84854892484,131627.5,2
152912.99799474914,137275.0,10
152996.24248030924,142887.0,3
153007.0939842474,158238.0,2
153047.49398424738,165803.0,2
153063.21553805267,181590.0,1
153074.4830255295,156550.0,5
153077.1616535395,175459.33333333334,3
153084.10442694154,161441.33333333334,3
153091.9949868728,203054.75,4
153101.54699212374,165042.5,2
153105.7939842474,179880.0,1
153132.84152634416,157747.5,6
153157.7336759197,157437.8,5
153164.99331583045,163050.0,3
153171.5939842474,157415.5,2
153200.77109360823,141121.66666666666,3
153209.82999124855,146526.75,4
153214.823307079,151934.0,2
153319.70234367496,198225.0,4
153337.6984960618,163846.0909090909,11
153392.99248030924,165931.0,1
153398.417886446,174950.5,2
153412.2969921237,161935.0,2
153451.63089477035,167738.5,2
153481.64955836843,161614.5,6
153499.83676911207,162499.5,4
153507.81271295217,148518.0,1
153519.99398424738,165620.8,5
153525.997265567,197717.0,3
153531.78789059143,197928.0,4
153536.6616535395,188394.75,4
153539.4199774963,131099.0,1
153541.32832020617,160356.66666666666,3
153547.4199774963,173729.0,1
153568.59598949828,160157.0,6
153572.77109360823,163432.2,5
153597.24248030924,139851.0,1
153629.98036745322,194023.0,4
153643.6599824971,178150.5,4
153656.61748030924,160561.66666666666,3
153693.60776902633,170727.0,1
153704.7939842474,173890.0,1
153715.46265616495,157870.0,4
153765.66165353952,168642.75,4
153802.9036220431,102769.0,1
153878.9116535395,174455.25,4
153885.72453829428,198451.0,4
153984.5231496039,162506.66666666666,3
154000.48997374566,194938.0,2
154012.13426321055,174860.0,1
154049.4141601031,191627.0,4
154056.24498687286,161781.16666666666,6
154081.77443569302,153003.5,4
154100.46265616495,140045.0,4
154132.0939842474,160380.0,2
154186.32999124855,150554.5,4
154187.08817465793,166749.0,15
154198.0494653934,143280.0,3
154198.74248030924,113099.5,2
154208.20998874816,146090.0,3
154261.9442022355,156878.8,10
154280.49498687283,157400.0,3
154309.13426321055,160913.33333333334,3
154312.99683381442,151179.66666666666,3
154317.1969921237,163441.0,2
154328.63089477035,202797.0,4
154338.6599824971,173856.0,1
154348.84962379534,166173.0,2
154348.87124015464,136853.0,1
154426.4849606185,99855.0,2
154426.705691782,97139.0,2
154442.74699212372,144358.5,2
154459.10442694154,165247.66666666666,3
154511.54363159012,147803.85714285713,7
154518.86265616494,157781.33333333334,6
154524.4377602749,179534.0,4
154560.6939842474,152008.0,1
154567.78630749864,158812.66666666666,3
154570.45691095953,161849.8,5
154590.10209697232,196540.5,4
154689.74248030924,165802.0,3
154701.99624015464,163979.0,4
154718.65153240284,159026.66666666666,3
154734.17634931582,171875.0,2
154739.28141731955,163128.33333333334,6
154786.10442694154,180400.5,2
154803.6577236926,148465.8,10
154813.92932283162,161787.8,5
154825.13856017674,153932.0,5
154833.32999124855,159157.0,3
154857.56283463913,168942.0,1
154863.0854402249,172212.0,1
154869.24498687283,144695.33333333334,3
154873.6939842474,168569.0,2
154901.91844942106,160988.0,5
154917.44907658853,181783.0,1
154965.55874015464,162924.75,4
154979.54887138598,169599.5,4
154985.53356580265,161429.2857142857,7
155038.75759369897,180727.33333333334,3
155146.63362920337,176506.27777777778,18
155164.30827043013,198993.5,4
155173.4116535395,189293.0,4
155268.99398424738,161508.0,2
155280.78141731958,161864.83333333334,6
155328.26999283972,154649.0,7
155354.5606200773,145270.25,8
155403.3030648057,136137.0,2
155428.9621372312,148219.7,10
155449.29234830805,145251.25,12
155450.99713535592,150561.38095238095,21
155456.9264229455,159543.7142857143,7
155458.81999073378,175865.0,1
155496.2646614158,140006.0,7
155526.1633245819,149619.16666666666,6
155535.86748030924,159308.5,2
155539.81271295217,198135.5,6
155561.26725840673,103505.0,1
155572.56283463913,159553.0,1
155601.37998788262,170981.57142857142,7
155612.61096266043,161402.25,4
155636.24498687283,192493.25,4
155636.49248030924,145628.0,1
155637.24498687283,163028.0,4
155649.61075711338,174475.33333333334,3
155654.705691782,151746.0,2
155654.994531134,171010.45454545456,11
155666.53998567944,172361.5,4
155672.0939842474,178203.0,1
155697.17634931582,149412.0,1
155758.7293228316,160761.33333333334,3
155795.71888013746,153382.66666666666,3
155854.99665791524,162879.0,2
155897.20998874816,180743.0,1
155912.49248030924,174068.0,1
155915.8939842474,202225.75,4
155942.49398424738,163225.0,2
155944.0671316053,168271.0,2
155958.7892986622,144526.45454545456,11
155971.82832020617,174164.0,1
156011.6599824971,165409.5,2
156033.0939842474,151874.0,1
156060.10776902633,168019.0,2
156070.11748030924,194245.33333333334,3
156098.2939842474,153326.0,2
156110.59598949828,159002.0,3
156112.99777194348,156818.625,8
156150.14070865978,148041.2857142857,7
156158.88666083236,156663.75,8
156173.30874015464,160294.5,2
156177.61748030924,165985.75,4
156247.0854402249,174818.5,2
156250.9036220431,152342.5,2
156274.28399549925,198617.875,8
156290.3939842474,189985.5,4
156308.82832020617,194370.75,4
156341.1959894983,152586.85714285713,7
156356.9914060677,128705.0,1
156370.65664041232,103590.5,2
156466.99331583045,150956.0,1
156489.18796849478,171596.66666666666,3
156503.54887138598,151203.0,2
156513.99398424738,132798.0,2
156556.74699212372,160877.0,8
156557.39699212371,167841.08823529413,34
156592.49665791524,181238.0,3
156608.5293228316,156744.66666666666,3
156615.26725840673,172793.5,2
156618.11748030924,190630.0,4
156631.21888013746,189792.66666666666,3
156679.323307079,92438.0,1
156714.99331583045,158480.0,3
156734.1293228316,168747.0,1
156773.80874015464,159184.75,4
156831.77109360823,135933.66666666666,3
156960.6939842474,162482.66666666666,6
156977.05874015464,154878.75,4
156987.74498687286,161973.0,1
157079.1939842474,167474.0,3
157155.86748030924,150956.0,2
157156.24498687283,191587.0,2
157253.82832020617,181309.0,1
157255.99699212372,189595.5,4
157260.35759369898,147698.4,10
157301.0722955749,149689.11111111112,9
157371.22614172875,199776.5,4
157476.68104434074,153063.0,1
157484.93374015464,187155.75,4
157526.36748030924,130509.0,1
157549.9116535395,182615.0,1
157549.9973844554,158900.2,5
157605.72180386126,161696.0,2
157720.35816749764,195092.0,4
157765.21553805267,171040.5,4
157791.1049943741,166652.61290322582,31
157929.77109360823,170417.0,2
157939.4733258321,157346.0,7
158098.54887138598,155734.75,4
158101.7474934364,155927.25,4
158126.7939842474,147219.0,2
158181.53998567944,177699.0,2
158182.91844942106,133594.0,2
158201.6876801903,153341.0,2
158234.995372498,173836.25,4
158262.99570303387,174479.33333333334,3
158441.07832020617,154616.5,4
158519.49248030924,160039.8,5
158724.21553805267,153203.0,2
158732.0854402249,161151.0,2
158801.99248030924,150952.0,1
159104.22614172875,152443.0,3
159193.76116720436,167583.375,8
159197.99398424738,105635.0,1
159268.99498687283,150692.0,3
159295.72180386126,160480.5,2
159428.81271295217,159748.5,2
159446.99498687283,130645.32,25
159455.0671316053,173054.0,5
159477.995372498,197243.75,4
159549.53998567944,174502.0,2
159582.5671316053,164255.5,6
159726.4199774963,179151.0,1
159783.86265616494,171181.0,2
159879.44907658853,154690.0,1
160164.63089477035,166792.0,2
160184.91844942106,164179.0,4
160211.25999170917,175675.0,1
160219.6616535395,181413.0,1
160306.1959894983,167263.5,2
160338.56928008836,174320.6,5
160530.32832020617,162551.2,5
160616.2969921237,166927.0,5
160640.66165353952,167707.0,1
160649.7939842474,165850.33333333334,3
160848.53998567944,144030.0,1
160984.4469921237,180371.62962962964,27
160999.70234367496,160898.0,3
161124.70234367496,196061.75,4
161184.22614172875,174605.75,4
161222.5841324991,171407.0,4
161304.37124015464,172257.0,3
161309.73651489016,168418.5,2
161436.04475440353,164201.0,4
161505.75759369897,165429.875,8
161525.84384009516,165915.85714285713,7
161671.88554680411,154797.5,2
161760.323307079,27536.0,1
161849.9184494211,197523.0,2
161878.43759369897,185248.61538461538,13
161913.1969921237,161739.4,5
161950.0854402249,161299.0,2
162154.49248030924,191156.5,2
162431.62124015464,166245.0,3
162457.05878310525,197278.33333333334,3
162508.07832020617,163934.85714285713,7
163033.7336759197,200895.0,4
163861.1939842474,152261.0,3
164456.07759369898,156210.125,8
